# callgrind format
version: 1
creator: callgrind-3.22.0
pid: 21276
cmd:  ./bin/minicc examples/stress_test.c -S -o /tmp/out.s
part: 1


desc: I1 cache: 
desc: D1 cache: 
desc: LL cache: 

desc: Timerange: Basic block 0 - 1116893
desc: Trigger: Program termination

positions: line
events: Ir
summary: 5571240


ob=(4) /usr/libexec/valgrind/vgpreload_core-amd64-linux.so
fl=(147) ???
fn=(470) 0x0000000000001110
0 12

fn=(1236) 0x0000000000001060
0 5

fn=(1226) 0x00000000000010d0
0 9
cob=(3) ???
cfi=(144) ???
cfn=(1232) 0x000000000483d030
calls=1 0 
0 80
0 1
cfn=(1236)
calls=1 0 
0 5
0 3

ob=(3)
fl=(144)
fn=(792) 0x0000000004876740
0 258
cob=(2) /usr/lib/x86_64-linux-gnu/libc.so.6
cfi=(209) ./string/../sysdeps/x86_64/multiarch/memset-vec-unaligned-erms.S
cfn=(794) __memset_sse2_unaligned
calls=129 132 
0 5989

fn=(1130) 0x000000000010a470
0 522
cob=(2)
cfi=(250) ./libio/./libio/iofwrite.c
cfn=(1132) fwrite
calls=261 31 
0 36626

fn=(1156) 0x0000000004876430
0 1242
cob=(2)
cfi=(187) ./string/../sysdeps/x86_64/multiarch/memmove-vec-unaligned-erms.S
cfn=(1158) __mempcpy_sse2_unaligned
calls=621 197 
0 10015

fn=(1222) 0x000000000012a5b0
0 4

fn=(990) 0x000000000010a3a0
0 24
cob=(2)
cfi=(234) ./string/../sysdeps/x86_64/multiarch/strcmp-sse4_2.S
cfn=(992) __strcmp_sse42
calls=12 108 
0 376

fn=(1144) 0x000000000010a480
0 772
cob=(2)
cfi=(251) ./debug/./debug/fprintf_chk.c
cfn=(1146) __fprintf_chk
calls=386 25 
0 217343

fn=(1206) 0x000000000010a260
0 2
cob=(2)
cfi=(262) ./stdlib/./stdlib/cxa_finalize.c
cfn=(1208) __cxa_finalize
calls=1 30 
0 78

fn=(496) 0x000000000010a000
0 7

fn=(596) 0x00000000048763e0
0 12
cob=(2)
cfi=(162) ./malloc/./malloc/malloc.c
cfn=(598) free
calls=6 3359 
0 431

fn=(722) 0x000000000010a400
0 308
cob=(2)
cfi=(196) ./debug/./debug/vsnprintf_chk.c
cfn=(724) __vsnprintf_chk
calls=154 26 
0 94971

fn=(644) 0x00000000048766b0
0 4192
cob=(2)
cfi=(187)
cfn=(646) memcpy@GLIBC_2.2.5
calls=2096 210 
0 33576

fn=(718) 0x000000000010a300
0 3356
cob=(2)
cfi=(192) ./string/../sysdeps/x86_64/multiarch/strlen-sse2.S
cfn=(702) __strlen_sse2
calls=1678 57 
0 29556

fn=(750) 0x000000000010a410
0 3216
cob=(2)
cfi=(162)
cfn=(752) realloc
calls=1608 3407 
0 365255

fn=(800) 0x000000000010a320
0 440
cob=(2)
cfi=(174) ./string/../sysdeps/x86_64/multiarch/strchr-sse2.S
cfn=(574) __strchr_sse2
calls=220 32 
0 6066

fn=(894) 0x000000000010a330
0 22
cob=(2)
cfi=(150) ./string/../sysdeps/x86_64/multiarch/strrchr-sse2.S
cfn=(482) __strrchr_sse2
calls=11 45 
0 348

fn=(908) 0x000000000010a450
0 364
cob=(2)
cfi=(209)
cfn=(910) __memset_chk_sse2_unaligned
calls=182 126 
0 6966

fn=(466) 0x000000000483d000
0 7

fn=(1242) 0x000000000483d294
0 4

fn=(506) 0x00000000048767b0
0 2
cob=(1) /usr/lib/x86_64-linux-gnu/ld-linux-x86-64.so.2
cfi=(47) ./elf/./elf/dl-audit.c
cfn=(508) _dl_audit_preinit
calls=1 118 
0 5

fn=(572) 0x0000000004876680
0 4
cob=(2)
cfi=(174)
cfn=(574)
calls=2 32 
0 48

fn=(576) 0x000000000010a3f0
0 4
cob=(2)
cfi=(175) ./libio/./libio/fseek.c
cfn=(578) fseek
calls=2 32 
0 780

fn=(692) 0x000000000010a280
0 9878
cob=(2)
cfi=(162)
cfn=(598)
calls=4939 3359 
0 486593

fn=(700) 0x0000000004876500
0 3780
cob=(2)
cfi=(192)
cfn=(702)
calls=1890 57 
0 33108

fn=(730) 0x0000000004876590
0 2566
cob=(2)
cfi=(174)
cfn=(732) __strchrnul_sse2
calls=1283 32 
0 26943

fn=(526) 0x00000000048763f0
0 1970
cob=(2)
cfi=(162)
cfn=(528) malloc
calls=985 3294 
0 44170

fn=(686) 0x000000000010a360
0 1932
cob=(2)
cfi=(192)
cfn=(688) __strnlen_sse2
calls=966 57 
0 42515

fn=(870) 0x000000000010a270
0 6
cob=(2)
cfi=(219) ./debug/./debug/snprintf_chk.c
cfn=(872) __snprintf_chk
calls=3 27 
0 1472

fn=(882) 0x000000000010a2e0
0 4
cob=(2)
cfi=(222) ./stdlib/./stdlib/strtod.c
cfn=(884) strtod
calls=2 81 
0 340

fn=(442) 0x0000000004876720
0 40
cob=(1)
cfi=(11) ./elf/./elf/dl-tunables.c
cfn=(28) __tunable_get_val
calls=20 387 
0 469

fn=(480) 0x0000000004876660
0 2
cob=(2)
cfi=(150)
cfn=(482)
calls=1 45 
0 24

fn=(612) 0x000000000010a3b0
0 2
cob=(2)
cfi=(182) ./libio/./libio/ioftell.c
cfn=(614) ftell
calls=1 34 
0 115

fn=(788) 0x000000000010a390
0 588
cob=(2)
cfi=(162)
cfn=(790) calloc
calls=294 3699 
0 80211

fn=(802) 0x000000000010a3c0
0 282
cob=(2)
cfi=(211) ./stdlib/../stdlib/strtol.c
cfn=(804) strtol
calls=141 116 
0 15704

fn=(1162) 0x000000000010a340
0 722
cob=(2)
cfi=(253) ./libio/./libio/iofputs.c
cfn=(1164) fputs
calls=361 32 
0 51073

fn=(1168) 0x000000000010a370
0 574
cob=(2)
cfi=(254) ./libio/./libio/fputc.c
cfn=(1170) fputc
calls=287 32 
0 6888

fn=(1232)
0 2
cob=(2)
cfi=(262)
cfn=(1208)
calls=1 30 
0 78

fn=(522) 0x000000000010a430
0 4
cob=(2)
cfi=(161) ./libio/./libio/iofopen.c
cfn=(524) fopen@@GLIBC_2.2.5
calls=2 85 
0 2726

fn=(620) 0x000000000010a3e0
0 4104
cob=(2)
cfi=(162)
cfn=(528)
calls=2052 3294 
0 332523

fn=(626) 0x000000000010a2d0
0 2
cob=(2)
cfi=(185) ./libio/./libio/iofread.c
cfn=(628) fread
calls=1 31 
0 417

fn=(652) 0x000000000010a2f0
0 4
cob=(2)
cfi=(188) ./libio/./libio/iofclose.c
cfn=(654) fclose@@GLIBC_2.2.5
calls=2 34 
0 1205

fn=(690) 0x000000000010a3d0
0 21322
cob=(2)
cfi=(187)
cfn=(646)
calls=10661 210 
0 159624

fn=(696) 0x000000000010a490
0 1962
cob=(2)
cfi=(193) ./string/./string/strdup.c
cfn=(698) strdup
calls=981 40 
0 103222

fn=(706) 0x00000000048766f0
0 1962
cob=(2)
cfi=(187)
cfn=(708) __memcpy_chk_sse2_unaligned
calls=981 204 
0 18759

fn=(840) 0x000000000010a380
0 12212
cob=(2)
cfi=(217) ./string/../sysdeps/x86_64/multiarch/memcmp-sse2.S
cfn=(842) __memcmp_sse2
calls=6106 59 
0 119738

fn=(942) 0x000000000010a350
0 2088
cob=(2)
cfi=(209)
cfn=(794)
calls=1044 132 
0 17914

ob=(5) /mnt/c/Users/IO/Desktop/GIORGIO_A_SCUOLA/PROGETTI/miniC_compiler/bin/minicc
fl=(233) /mnt/c/Users/IO/Desktop/GIORGIO_A_SCUOLA/PROGETTI/miniC_compiler/constmap.c
fn=(986) const_map_equal
151 106
+1 742
+1 106
-36 212
+36 533
-36 1066
+1 1162
+34 2324
+2 121
-35 50
+34 58
+2 108
-35 50
+33 50

fn=(984) lat_get_value_from_operand
226 3240
+1 4621
-50 3325
cfi=(230) /mnt/c/Users/IO/Desktop/GIORGIO_A_SCUOLA/PROGETTI/miniC_compiler/varmap.c
cfn=(948) varmap_operand_id
calls=475 -99 
* 72538
+1 2375
+1 6650
+55 2375
47 173
234 1038

fn=(1022) const_map_meet
164 29
+1 232
+1 116
-72 58
+72 1268
-72 864
+1 230
+3 222
+3 16
+1 16
-7 303
+71 101
-1 202
+1 202
-1 202
+1 245
-1 490
+1 490
-1 490
+2 29
-72 52
+10 25

fn=(1024) fold_binary_int
261 21
+1 49
+1 29
+5 10

fn=(1026) lat_set_const_int
42 7
+5 7
+1 14

fn=(980) lat_conflict
58 435
+1 435
+2 870
+1 870

fn=(974) const_map_init
133 1048
+2 393
-2 131
+1 131
+1 131
cfi=(183) /mnt/c/Users/IO/Desktop/GIORGIO_A_SCUOLA/PROGETTI/miniC_compiler/arena.c
cfn=(622) arena_alloc
calls=131 -66 
* 3202
* 131
+2 7994
+1 655

fn=(976) const_map_copy
140 283
+1 283
fi=(214) /usr/include/x86_64-linux-gnu/bits/string_fortified.h
29 566
fe=(233)
141 566
fi=(214)
29 283
cob=(3)
cfi=(144)
cfn=(690)
calls=283 -29 
* 14492
fe=(233)

fn=(988) const_map_try_fold
191 2010
+1 3216
+14 2189
-29 537
+16 537
-16 537
cfi=(230)
cfn=(948)
calls=179 -99 
* 27112
+1 895
+1 1611
+15 179
-15 179
+15 179

fn=(982) is_binary_op
236 359
+4 359
-3 1182
+6 359

fl=(240) /mnt/c/Users/IO/Desktop/GIORGIO_A_SCUOLA/PROGETTI/miniC_compiler/sched.c
fn=(1054) sched_schedule
256 1
+1 3
-1 10
+2 33
+1 55
+2 22
cfi=(183)
cfn=(618) arena_create
calls=11 52 
* 2530
+1 22
-1 11
+1 33
cfi=(183)
cfn=(622)
calls=11 69 
* 253
* 33
56 22
-3 11
+1 11
+2 1362
+1 742
+1 18
-2 18
+2 54
+1 18
-1 18
-2 54
+6 22
+1 66
265 22
cfi=(183)
cfn=(618)
calls=11 52 
* 2652
* 11
+1 99
+1 11
-39 33
+1 33
+38 18
-39 54
+1 54
+2 27
+3 54
-3 27
cfi=(183)
cfn=(1056) arena_reset
calls=27 131 
* 324
+2 27
+1 54
-1 54
+1 54
-1 108
+1 27
cfi=(183)
cfn=(622)
calls=27 69 
* 621
+1 54
-1 27
+1 135
cfi=(183)
cfn=(622)
calls=27 69 
* 999
+4 108
-4 27
+4 27
cfi=(241) /mnt/c/Users/IO/Desktop/GIORGIO_A_SCUOLA/PROGETTI/miniC_compiler/sched_dag.c
cfn=(1058) build_dag
calls=27 +58 
* 120235
+2 81
cfi=(183)
cfn=(622)
calls=27 69 
* 621
* 54
-86 27
+86 27
-85 27
+85 81
-83 1404
+1 459
+1 27
-4 1404
+19 27
-19 54
+19 27
-84 27
+84 81
fi=(242) /mnt/c/Users/IO/Desktop/GIORGIO_A_SCUOLA/PROGETTI/miniC_compiler/sched_utils.h
-63 972
fe=(240)
+63 1365
-35 1377
fi=(242)
-28 648
fe=(240)
+28 876
+36 840
-76 78
+1 78
-1 78
+3 78
-2 78
+2 468
+1 52
+1 52
-1 52
+1 156
-10 208
+10 416
+70 52
-75 52
+75 234
-75 26
+75 110
+18 395
-79 26
-1 26
+3 26
-2 52
+2 26
-2 26
+2 26
-2 253
-1 253
+3 253
-2 506
+2 253
-2 253
+2 253
+3 644
-24 966
+24 322
-24 644
+24 644
+1 906
-25 546
+25 819
+1 572
+1 1105
+1 221
-5 663
+1 442
-1 837
+1 558
+1 640
-1 106
+1 106
-25 318
+23 491
+77 4743
+1 279
+2 279
-2 279
+2 558
+1 352
+1 352
-1 352
+1 1056
-60 1278
fi=(242)
-28 1077
fe=(240)
+86 1056
-5 967
+26 1818
-1 1404
+31 27
fi=(214)
29 54
fe=(240)
249 54
fi=(214)
29 27
cob=(3)
cfi=(144)
cfn=(690)
calls=27 -29 
* 6584
fe=(240)
266 149
+3 11
-12 11
+12 11
cfi=(183)
cfn=(770) arena_destroy
calls=11 140 
* 3792
+1 22
cfi=(183)
cfn=(770)
calls=11 140 
* 3058
-13 33
+15 8
140 603
-39 201
-1 201
+1 201
+2 939
+3 272
-3 272
+2 240
-1 80
-9 80
+10 80
-1 80
+1 400
-10 80
+10 160
-1 179
-9 179
+10 179
-1 179
+1 895
-10 179
+10 716
-5 402

fl=(190) /mnt/c/Users/IO/Desktop/GIORGIO_A_SCUOLA/PROGETTI/miniC_compiler/parser/parser.c
fn=(756) ParseBlockInner
103 33
-51 33
+53 44
cfi=(195) /mnt/c/Users/IO/Desktop/GIORGIO_A_SCUOLA/PROGETTI/miniC_compiler/parser/ast.c
cfn=(712) newNode
calls=11 -97 
* 2442
* 11
+1 604
+1 112
cfn=(715) ParseStmtInner'2
calls=112 +8 
* 687288
* 336
cfi=(195)
cfn=(748) addChild
calls=112 -84 
* 10391
+1 112
cfi=(205) /mnt/c/Users/IO/Desktop/GIORGIO_A_SCUOLA/PROGETTI/miniC_compiler/parser/error.c
cfn=(754) hadAnyError
calls=112 -82 
* 336
* 224
-63 11
cfi=(160) /mnt/c/Users/IO/Desktop/GIORGIO_A_SCUOLA/PROGETTI/miniC_compiler/scanner.re
cfn=(680) lexer_next_token
calls=11 179 
* 11808
+1 11
-1 11
+1 11
cob=(3)
cfi=(144)
cfn=(692)
calls=11 -46 
* 957
+1 11
cfi=(160)
cfn=(694) lexer_current_lexeme
calls=11 193 
* 33
* 22
cob=(3)
cfi=(144)
cfn=(696)
calls=11 -47 
* 1145
* 11
+65 55
-67 11
cfi=(160)
cfn=(680)
calls=11 179 
* 2203
+1 11
-1 11
+1 11
cob=(3)
cfi=(144)
cfn=(692)
calls=11 -46 
* 957
+1 11
cfi=(160)
cfn=(694)
calls=11 193 
* 33
* 22
cob=(3)
cfi=(144)
cfn=(696)
calls=11 -47 
* 1147
* 11
+1 11

fn=(757) ParseBlockInner'2
103 39
-51 39
+53 52
cfi=(195)
cfn=(712)
calls=13 -97 
* 2886
* 13
+1 172
+1 24
cfn=(715)
calls=24 +8 
* 175265
* 72
cfi=(195)
cfn=(748)
calls=24 -84 
* 3468
+1 24
cfi=(205)
cfn=(754)
calls=24 -82 
* 72
* 48
-63 13
cfi=(160)
cfn=(680)
calls=13 179 
* 2622
+1 13
-1 13
+1 13
cob=(3)
cfi=(144)
cfn=(692)
calls=13 -46 
* 1131
+1 13
cfi=(160)
cfn=(694)
calls=13 193 
* 39
* 26
cob=(3)
cfi=(144)
cfn=(696)
calls=13 -47 
* 1358
* 13
+65 65
-67 13
cfi=(160)
cfn=(680)
calls=13 179 
* 3096
+1 13
-1 13
+1 13
cob=(3)
cfi=(144)
cfn=(692)
calls=13 -46 
* 1131
+1 13
cfi=(160)
cfn=(694)
calls=13 193 
* 39
* 26
cob=(3)
cfi=(144)
cfn=(696)
calls=13 -47 
* 1376
* 13
+1 13

fn=(714) ParseStmtInner
115 91
+1 104
+61 117
+24 39
cfi=(183)
cfn=(716) arena_strdup
calls=13 91 
* 936
* 13
45 13
cfi=(160)
cfn=(680)
calls=13 179 
* 3611
+1 13
-1 13
+1 13
cob=(3)
cfi=(144)
cfn=(692)
calls=13 -46 
* 1131
+1 13
cfi=(160)
cfn=(694)
calls=13 193 
* 39
* 26
cob=(3)
cfi=(144)
cfn=(696)
calls=13 -47 
* 1433
204 13
47 26
204 13
cfi=(183)
cfn=(716)
calls=13 91 
* 990
52 13
204 13
52 26
208 91
cfi=(183)
cfn=(720) arena_sprintf
calls=13 -98 
* 16988
* 13
+3 39
+10 4
+29 4
cfi=(195)
cfn=(712)
calls=1 8 
* 295
+1 1
-1 1
+1 2
52 4
-7 13
cfi=(160)
cfn=(680)
calls=13 179 
* 1664
+1 13
-1 13
+1 13
cob=(3)
cfi=(144)
cfn=(692)
calls=13 -46 
* 1131
+1 13
cfi=(160)
cfn=(694)
calls=13 193 
* 39
* 26
cob=(3)
cfi=(144)
cfn=(696)
calls=13 -47 
* 1391
* 13
+1 13
-3 2
cfi=(160)
cfn=(680)
calls=2 179 
* 1300
+1 2
-1 2
+1 2
cob=(3)
cfi=(144)
cfn=(692)
calls=2 -46 
* 174
+1 2
cfi=(160)
cfn=(694)
calls=2 193 
* 6
* 4
cob=(3)
cfi=(144)
cfn=(696)
calls=2 -47 
* 208
* 2
+1 2
-3 1
cfi=(160)
cfn=(680)
calls=1 179 
* 151
+1 1
-1 1
+1 1
cob=(3)
cfi=(144)
cfn=(692)
calls=1 -46 
* 87
+1 1
cfi=(160)
cfn=(694)
calls=1 193 
* 3
* 2
cob=(3)
cfi=(144)
cfn=(696)
calls=1 -47 
* 107
223 1
47 2
223 1
cfi=(183)
cfn=(716)
calls=1 91 
* 75
52 1
223 1
52 5
228 6
cfi=(183)
cfn=(720)
calls=1 110 
* 1364
+1 2
-1 1
+1 1
cfi=(195)
cfn=(712)
calls=1 8 
* 313
+3 1
-3 1
+3 2
-20 44
cfi=(195)
cfn=(712)
calls=11 8 
* 3097
52 11
212 11
52 22
181 44
+2 16
+7 132
cfi=(183)
cfn=(720)
calls=22 -80 
* 28790
+1 44
-1 22
+1 22
cfi=(195)
cfn=(712)
calls=22 8 
* 6242
* 66
cfi=(195)
cfn=(748)
calls=22 23 
* 3058
+2 66
45 14
cfi=(160)
cfn=(680)
calls=14 179 
* 2296
+1 14
-1 14
+1 14
cob=(3)
cfi=(144)
cfn=(692)
calls=14 -46 
* 1218
+1 14
cfi=(160)
cfn=(694)
calls=14 193 
* 42
* 28
cob=(3)
cfi=(144)
cfn=(696)
calls=14 -47 
* 1456
181 14
47 28
181 42
+2 44
cfi=(183)
cfn=(716)
calls=22 -92 
* 1584
* 22
45 22
cfi=(160)
cfn=(680)
calls=22 179 
* 3467
+1 22
-1 22
+1 22
cob=(3)
cfi=(144)
cfn=(692)
calls=22 -46 
* 1914
+1 22
cfi=(160)
cfn=(694)
calls=22 193 
* 66
* 44
cob=(3)
cfi=(144)
cfn=(696)
calls=22 -47 
* 2351
186 22
47 44
186 22
cfi=(183)
cfn=(716)
calls=22 -95 
* 1647
52 22
186 22
52 44
-7 22
cfi=(160)
cfn=(680)
calls=22 179 
* 2816
+1 22
-1 22
+1 22
cob=(3)
cfi=(144)
cfn=(692)
calls=22 -46 
* 1914
+1 22
cfi=(160)
cfn=(694)
calls=22 193 
* 66
* 44
cob=(3)
cfi=(144)
cfn=(696)
calls=22 -47 
* 2354
* 22
+1 22
+4 22
216 11
cfn=(756)
calls=11 103 
* 720491
* 33
cfi=(195)
cfn=(748)
calls=11 23 
* 1301
+1 11
45 1
cfi=(160)
cfn=(680)
calls=1 179 
* 128
+1 1
-1 1
+1 1
cob=(3)
cfi=(144)
cfn=(692)
calls=1 -46 
* 87
+1 1
cfi=(160)
cfn=(694)
calls=1 193 
* 3
* 2
cob=(3)
cfi=(144)
cfn=(696)
calls=1 -47 
* 107
* 1
+1 1
-3 1
cfi=(160)
cfn=(680)
calls=1 179 
* 128
+1 1
-1 1
+1 1
cob=(3)
cfi=(144)
cfn=(692)
calls=1 -46 
* 87
+1 1
cfi=(160)
cfn=(694)
calls=1 193 
* 3
* 2
cob=(3)
cfi=(144)
cfn=(696)
calls=1 -47 
* 107
* 1
+1 1
-3 11
cfi=(160)
cfn=(680)
calls=11 179 
* 1595
+1 11
-1 11
+1 11
cob=(3)
cfi=(144)
cfn=(692)
calls=11 -46 
* 957
+1 11
cfi=(160)
cfn=(694)
calls=11 193 
* 33
* 22
cob=(3)
cfi=(144)
cfn=(696)
calls=11 -47 
* 1177
* 11
+1 11
-3 11
cfi=(160)
cfn=(680)
calls=11 179 
* 1560
+1 11
-1 11
+1 11
cob=(3)
cfi=(144)
cfn=(692)
calls=11 -46 
* 957
+1 11
cfi=(160)
cfn=(694)
calls=11 193 
* 33
* 22
cob=(3)
cfi=(144)
cfn=(696)
calls=11 -47 
* 1153
* 11
+1 11

fn=(715)
115 1043
+1 896
260 74
cfn=(758) ParseAssign
calls=74 +3 
* 345544
52 74
260 74
52 148
172 296
cfi=(195)
cfn=(712)
calls=74 8 
* 16428
* 24
cfi=(195)
cfn=(712)
calls=12 8 
* 2664
+1 172
-1 86
+1 86
cfi=(195)
cfn=(748)
calls=86 23 
* 21414
+4 1224
+24 120
cfi=(183)
cfn=(716)
calls=40 91 
* 2880
* 40
45 40
cfi=(160)
cfn=(680)
calls=40 179 
* 6908
+1 40
-1 40
+1 40
cob=(3)
cfi=(144)
cfn=(692)
calls=40 -46 
* 3480
+1 40
cfi=(160)
cfn=(694)
calls=40 193 
* 120
* 80
cob=(3)
cfi=(144)
cfn=(696)
calls=40 -47 
* 4220
204 40
47 80
204 40
cfi=(183)
cfn=(716)
calls=40 91 
* 2940
52 40
204 40
52 80
208 280
cfi=(183)
cfn=(720)
calls=40 -98 
* 52086
* 40
+3 120
+10 80
+29 156
cfi=(195)
cfn=(712)
calls=39 8 
* 11400
+1 39
-1 39
+1 78
52 80
-7 6
cfi=(160)
cfn=(680)
calls=6 179 
* 870
+1 6
-1 6
+1 6
cob=(3)
cfi=(144)
cfn=(692)
calls=6 -46 
* 522
+1 6
cfi=(160)
cfn=(694)
calls=6 193 
* 18
* 12
cob=(3)
cfi=(144)
cfn=(696)
calls=6 -47 
* 642
+5 6
-5 12
+5 12
260 6
cfn=(758)
calls=6 +3 
* 13461
52 6
260 6
52 12
+97 6
cfn=(715)
calls=6 -34 
* 144459
+2 18
-2 6
+2 6
cfi=(195)
cfn=(712)
calls=6 8 
* 1332
+1 6
-1 6
+1 12
cfi=(195)
cfn=(748)
calls=6 23 
* 1494
+1 18
cfi=(195)
cfn=(748)
calls=6 23 
* 126
+1 6
45 12
cfi=(160)
cfn=(680)
calls=12 179 
* 2204
+1 12
-1 12
+1 12
cob=(3)
cfi=(144)
cfn=(692)
calls=12 -46 
* 1044
+1 12
cfi=(160)
cfn=(694)
calls=12 193 
* 36
* 24
cob=(3)
cfi=(144)
cfn=(696)
calls=12 -47 
* 1267
* 12
260 12
cfn=(758)
calls=12 +3 
* 62922
52 12
260 12
52 24
162 36
45 4
cfi=(160)
cfn=(680)
calls=4 179 
* 580
+1 4
-1 4
+1 4
cob=(3)
cfi=(144)
cfn=(692)
calls=4 -46 
* 348
+1 4
cfi=(160)
cfn=(694)
calls=4 193 
* 12
* 8
cob=(3)
cfi=(144)
cfn=(696)
calls=4 -47 
* 428
+5 4
-5 8
+5 8
260 4
cfn=(758)
calls=4 +3 
* 24368
52 4
260 4
52 8
+78 4
cfn=(715)
calls=4 -15 
* 18162
+2 12
-2 4
+2 4
cfi=(195)
cfn=(712)
calls=4 8 
* 888
+1 4
-1 4
+1 8
cfi=(195)
cfn=(748)
calls=4 23 
* 996
+1 12
cfi=(195)
cfn=(748)
calls=4 23 
* 84
+3 8
-92 3
cfi=(160)
cfn=(680)
calls=3 179 
* 435
+1 3
-1 3
+1 3
cob=(3)
cfi=(144)
cfn=(692)
calls=3 -46 
* 261
+1 3
cfi=(160)
cfn=(694)
calls=3 193 
* 9
* 6
cob=(3)
cfi=(144)
cfn=(696)
calls=3 -47 
* 321
* 3
+92 3
cfn=(715)
calls=3 -24 
* 30930
* 9
cfi=(195)
cfn=(748)
calls=3 23 
* 63
* 3
+38 91
-54 13
cfn=(757)
calls=13 -20 
* 193252
-78 40
cfi=(160)
cfn=(680)
calls=40 179 
* 5120
+1 40
-1 40
+1 40
cob=(3)
cfi=(144)
cfn=(692)
calls=40 -46 
* 3480
+1 40
cfi=(160)
cfn=(694)
calls=40 193 
* 120
* 80
cob=(3)
cfi=(144)
cfn=(696)
calls=40 -47 
* 4280
* 40
+1 40
-3 12
cfi=(160)
cfn=(680)
calls=12 179 
* 1754
+1 12
-1 12
+1 12
cob=(3)
cfi=(144)
cfn=(692)
calls=12 -46 
* 1044
+1 12
cfi=(160)
cfn=(694)
calls=12 193 
* 36
* 24
cob=(3)
cfi=(144)
cfn=(696)
calls=12 -47 
* 1284
* 12
+1 12
-3 74
cfi=(160)
cfn=(680)
calls=74 179 
* 19718
+1 74
-1 74
+1 74
cob=(3)
cfi=(144)
cfn=(692)
calls=74 -46 
* 6438
+1 74
cfi=(160)
cfn=(694)
calls=74 193 
* 222
* 148
cob=(3)
cfi=(144)
cfn=(696)
calls=74 -47 
* 7794
* 74
+1 74
-3 6
cfi=(160)
cfn=(680)
calls=6 179 
* 870
+1 6
-1 6
+1 6
cob=(3)
cfi=(144)
cfn=(692)
calls=6 -46 
* 522
+1 6
cfi=(160)
cfn=(694)
calls=6 193 
* 18
* 12
cob=(3)
cfi=(144)
cfn=(696)
calls=6 -47 
* 642
* 6
+1 6
-3 6
cfi=(160)
cfn=(680)
calls=6 179 
* 840
+1 6
-1 6
+1 6
cob=(3)
cfi=(144)
cfn=(692)
calls=6 -46 
* 522
+1 6
cfi=(160)
cfn=(694)
calls=6 193 
* 18
* 12
cob=(3)
cfi=(144)
cfn=(696)
calls=6 -47 
* 642
* 6
+1 6
-3 4
cfi=(160)
cfn=(680)
calls=4 179 
* 580
+1 4
-1 4
+1 4
cob=(3)
cfi=(144)
cfn=(692)
calls=4 -46 
* 348
+1 4
cfi=(160)
cfn=(694)
calls=4 193 
* 12
* 8
cob=(3)
cfi=(144)
cfn=(696)
calls=4 -47 
* 428
* 4
+1 4
-3 4
cfi=(160)
cfn=(680)
calls=4 179 
* 547
+1 4
-1 4
+1 4
cob=(3)
cfi=(144)
cfn=(692)
calls=4 -46 
* 348
+1 4
cfi=(160)
cfn=(694)
calls=4 193 
* 12
* 8
cob=(3)
cfi=(144)
cfn=(696)
calls=4 -47 
* 428
* 4
+1 4
-3 40
cfi=(160)
cfn=(680)
calls=40 179 
* 7673
+1 40
-1 40
+1 40
cob=(3)
cfi=(144)
cfn=(692)
calls=40 -46 
* 3480
+1 40
cfi=(160)
cfn=(694)
calls=40 193 
* 120
* 80
cob=(3)
cfi=(144)
cfn=(696)
calls=40 -47 
* 4172
* 40
+1 40
-3 1
cfi=(160)
cfn=(680)
calls=1 179 
* 151
+1 1
-1 1
+1 1
cob=(3)
cfi=(144)
cfn=(692)
calls=1 -46 
* 87
+1 1
cfi=(160)
cfn=(694)
calls=1 193 
* 3
* 2
cob=(3)
cfi=(144)
cfn=(696)
calls=1 -47 
* 107
223 1
47 2
223 1
cfi=(183)
cfn=(716)
calls=1 91 
* 75
52 1
223 1
52 5
228 6
cfi=(183)
cfn=(720)
calls=1 110 
* 1364
+1 2
-1 1
+1 1
cfi=(195)
cfn=(712)
calls=1 8 
* 295
+3 1
-3 1
+3 2
45 1
cfi=(160)
cfn=(680)
calls=1 179 
* 128
+1 1
-1 1
+1 1
cob=(3)
cfi=(144)
cfn=(692)
calls=1 -46 
* 87
+1 1
cfi=(160)
cfn=(694)
calls=1 193 
* 3
* 2
cob=(3)
cfi=(144)
cfn=(696)
calls=1 -47 
* 107
* 1
+1 1
-3 1
cfi=(160)
cfn=(680)
calls=1 179 
* 128
+1 1
-1 1
+1 1
cob=(3)
cfi=(144)
cfn=(692)
calls=1 -46 
* 87
+1 1
cfi=(160)
cfn=(694)
calls=1 193 
* 3
* 2
cob=(3)
cfi=(144)
cfn=(696)
calls=1 -47 
* 107
* 1
+1 1

fn=(678) ParseProgram
80 2
+2 1
+1 2
cfi=(183)
cfn=(618)
calls=1 -31 
* 395
* 1
-38 1
cfi=(160)
cfn=(680)
calls=1 179 
* 18340
+1 1
-1 1
+1 1
cob=(3)
cfi=(144)
cfn=(692)
calls=1 -46 
* 6
+1 1
cfi=(160)
cfn=(694)
calls=1 193 
* 3
* 2
cob=(3)
cfi=(144)
cfn=(696)
calls=1 -47 
* 246
+42 3
-42 1
+42 1
cfi=(195)
cfn=(712)
calls=1 -81 
* 222
* 1
+1 1
+1 13
cfn=(714)
calls=13 +24 
* 830175
* 39
cfi=(195)
cfn=(748)
calls=13 -68 
* 1278
+1 13
cfi=(205)
cfn=(754)
calls=13 -66 
* 39
* 26
-2 42
+6 2
cfi=(183)
cfn=(770)
calls=1 +44 
* 278
+4 2
-3 1
+1 1
+2 1

fn=(758)
263 480
+15 96
cfn=(760) ParseLogicAnd
calls=96 +14 
* 172310
* 96
+1 289
+1 4
cfi=(183)
cfn=(716)
calls=1 91 
* 75
* 1
45 1
cfi=(160)
cfn=(680)
calls=1 179 
* 145
+1 1
-1 1
+1 1
cob=(3)
cfi=(144)
cfn=(692)
calls=1 -46 
* 87
+1 1
cfi=(160)
cfn=(694)
calls=1 193 
* 3
* 2
cob=(3)
cfi=(144)
cfn=(696)
calls=1 -47 
* 107
* 1
282 1
cfn=(760)
calls=1 +10 
* 6878
+1 3
-1 1
+1 1
cfi=(195)
cfn=(712)
calls=1 8 
* 300
+1 1
-1 1
+1 2
cfi=(195)
cfn=(748)
calls=1 23 
* 249
+1 3
cfi=(195)
cfn=(748)
calls=1 23 
* 21
-6 3
-14 192
+9 154
45 74
cfi=(160)
cfn=(680)
calls=74 179 
* 13056
+1 74
-1 74
+1 74
cob=(3)
cfi=(144)
cfn=(692)
calls=74 -46 
* 6438
+1 74
cfi=(160)
cfn=(694)
calls=74 193 
* 222
* 148
cob=(3)
cfi=(144)
cfn=(696)
calls=74 -47 
* 7820
* 74
267 74
cfn=(759) ParseAssign'2
calls=74 -4 
* 192734
+1 222
-1 74
+1 74
cfi=(195)
cfn=(712)
calls=74 8 
* 22388
+1 74
-1 74
+1 148
cfi=(195)
cfn=(748)
calls=74 23 
* 18426
+1 148
+1 74
-1 74
cfi=(195)
cfn=(748)
calls=74 23 
* 1554
+4 518

fn=(759)
263 570
+15 114
cfn=(760)
calls=74 +14 
* 191328
cfn=(761) ParseLogicAnd'2
calls=40 +14 
* 50416
* 114
+1 342
-14 228
+9 798

fn=(760)
292 1197
+31 171
cfn=(762) ParseAdditive
calls=171 +15 
* 349900
* 171
+2 684
+1 18
cfi=(183)
cfn=(716)
calls=6 91 
* 450
* 6
45 6
cfi=(160)
cfn=(680)
calls=6 179 
* 962
+1 6
-1 6
+1 6
cob=(3)
cfi=(144)
cfn=(692)
calls=6 -46 
* 522
+1 6
cfi=(160)
cfn=(694)
calls=6 193 
* 18
* 12
cob=(3)
cfi=(144)
cfn=(696)
calls=6 -47 
* 642
* 6
328 6
cfn=(762)
calls=6 +10 
* 4371
+1 24
-1 6
+1 6
cfi=(195)
cfn=(712)
calls=6 8 
* 1800
+1 6
-1 6
+1 6
-1 6
+1 6
cfi=(195)
cfn=(748)
calls=6 23 
* 1494
+1 18
cfi=(195)
cfn=(748)
calls=6 23 
* 126
-6 24
-16 513
+1 3
cfi=(183)
cfn=(716)
calls=1 91 
* 75
* 1
45 1
cfi=(160)
cfn=(680)
calls=1 179 
* 156
+1 1
-1 1
+1 1
cob=(3)
cfi=(144)
cfn=(692)
calls=1 -46 
* 87
+1 1
cfi=(160)
cfn=(694)
calls=1 193 
* 3
* 2
cob=(3)
cfi=(144)
cfn=(696)
calls=1 -47 
* 107
* 1
323 1
cfn=(762)
calls=1 +15 
* 791
* 1
+2 4
-12 4
cfi=(195)
cfn=(712)
calls=1 8 
* 300
+1 1
-1 1
+1 2
cfi=(195)
cfn=(748)
calls=1 23 
* 249
+1 3
cfi=(195)
cfn=(748)
calls=1 23 
* 21
-6 5
-15 342
+1 3
cfi=(183)
cfn=(716)
calls=1 91 
* 75
* 1
45 1
cfi=(160)
cfn=(680)
calls=1 179 
* 156
+1 1
-1 1
+1 1
cob=(3)
cfi=(144)
cfn=(692)
calls=1 -46 
* 87
+1 1
cfi=(160)
cfn=(694)
calls=1 193 
* 3
* 2
cob=(3)
cfi=(144)
cfn=(696)
calls=1 -47 
* 107
* 1
323 1
cfn=(762)
calls=1 +15 
* 791
* 1
+2 4
-16 3
+1 3
cfi=(183)
cfn=(716)
calls=1 91 
* 75
* 1
45 1
cfi=(160)
cfn=(680)
calls=1 179 
* 156
+1 1
-1 1
+1 1
cob=(3)
cfi=(144)
cfn=(692)
calls=1 -46 
* 87
+1 1
cfi=(160)
cfn=(694)
calls=1 193 
* 3
* 2
cob=(3)
cfi=(144)
cfn=(696)
calls=1 -47 
* 107
* 1
354 1
cfn=(764) ParseUnary
calls=1 +15 
* 742
* 1
+1 4
-15 3
-1 1
-14 3
-2 1
-10 4
cfi=(195)
cfn=(712)
calls=1 8 
* 300
+1 1
-1 1
+1 2
cfi=(195)
cfn=(748)
calls=1 23 
* 249
+1 3
cfi=(195)
cfn=(748)
calls=1 23 
* 21
-6 4
-11 4
cfi=(195)
cfn=(712)
calls=1 8 
* 300
+1 1
-1 1
+1 2
cfi=(195)
cfn=(748)
calls=1 23 
* 249
+1 3
cfi=(195)
cfn=(748)
calls=1 23 
* 21
-6 3
+10 1539

fn=(761)
292 280
+31 40
cfn=(763) ParseAdditive'2
calls=40 +15 
* 38768
* 40
+2 160
+1 6
cfi=(183)
cfn=(716)
calls=2 91 
* 150
* 2
45 2
cfi=(160)
cfn=(680)
calls=2 179 
* 316
+1 2
-1 2
+1 2
cob=(3)
cfi=(144)
cfn=(692)
calls=2 -46 
* 174
+1 2
cfi=(160)
cfn=(694)
calls=2 193 
* 6
* 4
cob=(3)
cfi=(144)
cfn=(696)
calls=2 -47 
* 214
* 2
328 2
cfn=(763)
calls=2 +10 
* 1424
+1 8
-1 2
+1 2
cfi=(195)
cfn=(712)
calls=2 8 
* 600
+1 2
-1 2
+1 2
-1 2
+1 2
cfi=(195)
cfn=(748)
calls=2 23 
* 498
+1 6
cfi=(195)
cfn=(748)
calls=2 23 
* 42
-6 8
-16 120
-15 80
+1 6
cfi=(183)
cfn=(716)
calls=2 91 
* 150
* 2
45 2
cfi=(160)
cfn=(680)
calls=2 179 
* 312
+1 2
-1 2
+1 2
cob=(3)
cfi=(144)
cfn=(692)
calls=2 -46 
* 174
+1 2
cfi=(160)
cfn=(694)
calls=2 193 
* 6
* 4
cob=(3)
cfi=(144)
cfn=(696)
calls=2 -47 
* 214
* 2
323 2
cfn=(763)
calls=2 +15 
* 1574
* 2
+2 8
+1 6
cfi=(183)
cfn=(716)
calls=2 91 
* 150
* 2
45 2
cfi=(160)
cfn=(680)
calls=2 179 
* 316
+1 2
-1 2
+1 2
cob=(3)
cfi=(144)
cfn=(692)
calls=2 -46 
* 174
+1 2
cfi=(160)
cfn=(694)
calls=2 193 
* 6
* 4
cob=(3)
cfi=(144)
cfn=(696)
calls=2 -47 
* 214
* 2
328 2
cfn=(763)
calls=2 +10 
* 1378
+1 8
-1 2
+1 2
cfi=(195)
cfn=(712)
calls=2 8 
* 600
+1 2
-1 2
+1 2
-1 2
+1 2
cfi=(195)
cfn=(748)
calls=2 23 
* 498
+1 6
cfi=(195)
cfn=(748)
calls=2 23 
* 42
-6 8
-16 6
-1 2
-10 8
cfi=(195)
cfn=(712)
calls=2 8 
* 600
+1 2
-1 2
+1 4
cfi=(195)
cfn=(748)
calls=2 23 
* 498
+1 6
cfi=(195)
cfn=(748)
calls=2 23 
* 42
-6 6
+10 360

fn=(762)
338 1253
+16 179
cfn=(764)
calls=179 +15 
* 172320
* 179
+1 719
+2 12
cfi=(183)
cfn=(716)
calls=3 91 
* 225
* 3
45 3
cfi=(160)
cfn=(680)
calls=3 179 
* 473
+1 3
-1 3
+1 3
cob=(3)
cfi=(144)
cfn=(692)
calls=3 -46 
* 261
+1 3
cfi=(160)
cfn=(694)
calls=3 193 
* 9
* 6
cob=(3)
cfi=(144)
cfn=(696)
calls=3 -47 
* 321
* 3
359 3
cfn=(764)
calls=3 +10 
* 2085
+1 9
-1 3
+1 3
cfi=(195)
cfn=(712)
calls=3 8 
* 900
+1 3
-1 3
+1 6
cfi=(195)
cfn=(748)
calls=3 23 
* 747
+1 9
cfi=(195)
cfn=(748)
calls=3 23 
* 63
-7 12
-15 585
+1 144
cfi=(183)
cfn=(716)
calls=48 91 
* 3600
* 78
cfi=(183)
cfn=(716)
calls=26 91 
* 1950
* 74
45 74
cfi=(160)
cfn=(680)
calls=74 179 
* 13246
+1 74
-1 74
+1 74
cob=(3)
cfi=(144)
cfn=(692)
calls=74 -46 
* 6438
+1 74
cfi=(160)
cfn=(694)
calls=74 193 
* 222
* 148
cob=(3)
cfi=(144)
cfn=(696)
calls=74 -47 
* 7958
* 74
354 74
cfn=(764)
calls=74 +15 
* 90263
* 74
+1 297
+2 4
cfi=(183)
cfn=(716)
calls=1 91 
* 75
* 1
45 1
cfi=(160)
cfn=(680)
calls=1 179 
* 254
+1 1
-1 1
+1 1
cob=(3)
cfi=(144)
cfn=(692)
calls=1 -46 
* 87
+1 1
cfi=(160)
cfn=(694)
calls=1 193 
* 3
* 2
cob=(3)
cfi=(144)
cfn=(696)
calls=1 -47 
* 105
* 1
359 1
cfn=(764)
calls=1 +10 
* 4226
+1 3
-1 1
+1 1
cfi=(195)
cfn=(712)
calls=1 8 
* 300
+1 1
-1 1
+1 2
cfi=(195)
cfn=(748)
calls=1 23 
* 249
+1 3
cfi=(195)
cfn=(748)
calls=1 23 
* 21
-7 4
-11 296
cfi=(195)
cfn=(712)
calls=74 8 
* 22200
+1 74
-1 74
+1 148
cfi=(195)
cfn=(748)
calls=74 23 
* 18426
+1 222
cfi=(195)
cfn=(748)
calls=74 23 
* 1554
-6 348
-1 131
+11 1611

fn=(763)
338 322
+16 46
cfn=(765) ParseUnary'2
calls=46 +15 
* 33428
* 46
+1 187
+2 12
cfi=(183)
cfn=(716)
calls=3 91 
* 225
* 3
45 3
cfi=(160)
cfn=(680)
calls=3 179 
* 504
+1 3
-1 3
+1 3
cob=(3)
cfi=(144)
cfn=(692)
calls=3 -46 
* 261
+1 3
cfi=(160)
cfn=(694)
calls=3 193 
* 9
* 6
cob=(3)
cfi=(144)
cfn=(696)
calls=3 -47 
* 321
* 3
359 3
cfn=(765)
calls=3 +10 
* 1989
+1 9
-1 3
+1 3
cfi=(195)
cfn=(712)
calls=3 8 
* 900
+1 3
-1 3
+1 6
cfi=(195)
cfn=(748)
calls=3 23 
* 747
+1 9
cfi=(195)
cfn=(748)
calls=3 23 
* 63
-7 12
-15 140
+1 6
cfi=(183)
cfn=(716)
calls=2 91 
* 150
* 2
45 2
cfi=(160)
cfn=(680)
calls=2 179 
* 316
+1 2
-1 2
+1 2
cob=(3)
cfi=(144)
cfn=(692)
calls=2 -46 
* 174
+1 2
cfi=(160)
cfn=(694)
calls=2 193 
* 6
* 4
cob=(3)
cfi=(144)
cfn=(696)
calls=2 -47 
* 214
* 2
354 2
cfn=(765)
calls=2 +15 
* 1342
* 2
+1 8
-11 8
cfi=(195)
cfn=(712)
calls=2 8 
* 600
+1 2
-1 2
+1 4
cfi=(195)
cfn=(748)
calls=2 23 
* 498
+1 6
cfi=(195)
cfn=(748)
calls=2 23 
* 42
-6 8
-1 44
+11 414

fn=(764)
369 1290
+1 1290
+13 516
+31 128
+6 4
+6 4
+10 168
-57 840
+57 168
cfi=(195)
cfn=(712)
calls=168 8 
* 49564
-57 630
+36 248
cfi=(195)
cfn=(712)
calls=62 8 
* 18594
52 62
415 62
52 124
-7 76
cfi=(160)
cfn=(680)
calls=76 179 
* 9802
+1 76
-1 76
+1 76
cob=(3)
cfi=(144)
cfn=(692)
calls=76 -46 
* 6612
+1 76
cfi=(160)
cfn=(694)
calls=76 193 
* 228
* 152
cob=(3)
cfi=(144)
cfn=(696)
calls=76 -47 
* 8148
* 76
+1 76
-3 2
cfi=(160)
cfn=(680)
calls=2 179 
* 278
+1 2
-1 2
+1 2
cob=(3)
cfi=(144)
cfn=(692)
calls=2 -46 
* 174
+1 2
cfi=(160)
cfn=(694)
calls=2 193 
* 6
* 4
cob=(3)
cfi=(144)
cfn=(696)
calls=2 -47 
* 214
* 2
260 2
cfn=(759)
calls=2 +3 
* 12234
52 2
260 2
52 24
384 582
cfi=(183)
cfn=(716)
calls=194 91 
* 14268
52 194
384 194
52 388
389 582
+20 364
-8 364
45 14
cfi=(160)
cfn=(680)
calls=14 179 
* 2053
+1 14
-1 14
+1 14
cob=(3)
cfi=(144)
cfn=(692)
calls=14 -46 
* 1218
+1 14
cfi=(160)
cfn=(694)
calls=14 193 
* 42
* 28
cob=(3)
cfi=(144)
cfn=(696)
calls=14 -47 
* 1489
* 14
260 14
cfn=(759)
calls=14 +3 
* 15606
52 14
260 14
52 28
405 56
cfi=(195)
cfn=(712)
calls=14 8 
* 4152
+1 28
-1 14
+1 14
cfi=(195)
cfn=(748)
calls=14 23 
* 3486
* 14
45 194
cfi=(160)
cfn=(680)
calls=194 179 
* 27210
+1 194
-1 194
+1 194
cob=(3)
cfi=(144)
cfn=(692)
calls=194 -46 
* 16878
+1 194
cfi=(160)
cfn=(694)
calls=194 193 
* 582
* 388
cob=(3)
cfi=(144)
cfn=(696)
calls=194 -47 
* 20806
* 194
+1 194
-3 12
cfi=(160)
cfn=(680)
calls=12 179 
* 1761
+1 12
-1 12
+1 12
cob=(3)
cfi=(144)
cfn=(692)
calls=12 -46 
* 1044
+1 12
cfi=(160)
cfn=(694)
calls=12 193 
* 36
* 24
cob=(3)
cfi=(144)
cfn=(696)
calls=12 -47 
* 1304
391 36
47 12
391 12
cfi=(195)
cfn=(712)
calls=12 8 
* 3622
+1 12
-1 12
+1 22
45 14
cfi=(160)
cfn=(680)
calls=14 179 
* 2210
+1 14
-1 14
+1 14
cob=(3)
cfi=(144)
cfn=(692)
calls=14 -46 
* 1218
+1 14
cfi=(160)
cfn=(694)
calls=14 193 
* 42
* 28
cob=(3)
cfi=(144)
cfn=(696)
calls=14 -47 
* 1495
* 14
260 14
cfn=(759)
calls=14 +3 
* 12075
* 10
cfn=(759)
calls=10 +3 
* 11261
393 24
260 24
393 24
cfi=(195)
cfn=(748)
calls=24 23 
* 3556
+1 82
45 14
cfi=(160)
cfn=(680)
calls=14 179 
* 2018
+1 14
-1 14
+1 14
cob=(3)
cfi=(144)
cfn=(692)
calls=14 -46 
* 1218
+1 14
cfi=(160)
cfn=(694)
calls=14 193 
* 42
* 28
cob=(3)
cfi=(144)
cfn=(696)
calls=14 -47 
* 1498
* 14
+1 14

fn=(765)
369 265
+1 265
+13 102
+31 72
+22 15
-57 75
+57 15
cfi=(195)
cfn=(712)
calls=15 8 
* 4479
-65 6
cfi=(183)
cfn=(716)
calls=2 91 
* 150
* 2
45 2
cfi=(160)
cfn=(680)
calls=2 179 
* 282
+1 2
-1 2
+1 2
cob=(3)
cfi=(144)
cfn=(692)
calls=2 -46 
* 174
+1 2
cfi=(160)
cfn=(694)
calls=2 193 
* 6
* 4
cob=(3)
cfi=(144)
cfn=(696)
calls=2 -47 
* 214
* 2
373 2
cfn=(765)
calls=2 -4 
* 1326
+1 6
-1 2
+1 2
cfi=(195)
cfn=(712)
calls=2 8 
* 600
+1 4
-1 2
+1 2
cfi=(195)
cfn=(748)
calls=2 23 
* 498
+4 266
+36 144
cfi=(195)
cfn=(712)
calls=36 8 
* 10362
52 36
415 36
52 72
-7 36
cfi=(160)
cfn=(680)
calls=36 179 
* 4654
+1 36
-1 36
+1 36
cob=(3)
cfi=(144)
cfn=(692)
calls=36 -46 
* 3132
+1 36
cfi=(160)
cfn=(694)
calls=36 193 
* 108
* 72
cob=(3)
cfi=(144)
cfn=(696)
calls=36 -47 
* 3868
* 36
+1 36
384 45
cfi=(183)
cfn=(716)
calls=15 91 
* 1104
52 15
384 15
52 30
389 45
+20 30
-8 30
45 15
cfi=(160)
cfn=(680)
calls=15 179 
* 2081
+1 15
-1 15
+1 15
cob=(3)
cfi=(144)
cfn=(692)
calls=15 -46 
* 1305
+1 15
cfi=(160)
cfn=(694)
calls=15 193 
* 45
* 30
cob=(3)
cfi=(144)
cfn=(696)
calls=15 -47 
* 1621
* 15
+1 15

fl=(248) /mnt/c/Users/IO/Desktop/GIORGIO_A_SCUOLA/PROGETTI/miniC_compiler/bucket.c
fn=(1104) buckets_create
28 143
+2 39
+4 13
+8 13
-8 13
cfi=(183)
cfn=(618)
calls=13 +18 
* 10895
+8 26
-8 26
+8 13
cfi=(183)
cfn=(622)
calls=13 +27 
* 299
fi=(214)
+17 39
fe=(248)
-17 13
fi=(214)
+17 13
cob=(3)
cfi=(144)
cfn=(942)
calls=13 -59 
* 260
fe=(248)
-19 26
+5 13
-5 13
+5 39
cfi=(183)
cfn=(622)
calls=13 +24 
* 299
+1 26
-1 13
+1 13
cfi=(183)
cfn=(622)
calls=13 +23 
* 299
+1 26
-1 13
+1 13
cfi=(183)
cfn=(622)
calls=13 +22 
* 299
fi=(214)
+12 52
cob=(3)
cfi=(144)
cfn=(942)
calls=13 -59 
* 325
fe=(248)
-9 26
+1 13
-1 52
+1 104

fn=(1112) bucket_remove
72 1544
+2 1544
-2 1544
+2 772
-2 772
+2 772
+1 772
+2 772
-3 772
+1 772
+2 772
-2 772
-1 1544
+1 324
+4 2316
+1 516
+2 516
+1 774
-1 1028
+1 1542
+2 1048
-1 248
+1 248
-1 496
+1 248
-8 896

fn=(1110) bucket_pop_any_low
87 252
+1 756
+5 249
-1 498
+1 498
-5 3
+6 3

fn=(1108) bucket_insert
61 2316
+2 1544
+1 772
-3 772
+3 772
-1 772
+1 2316
+1 1544
+1 524
+2 524
-1 524
+1 524
+1 1572
+1 524
-2 248
-1 248
+1 248
+1 744
+1 248

fn=(1114) buckets_free
53 13
+2 39
-2 13
+3 13
cfi=(183)
cfn=(770)
calls=13 +84 
* 3914
+1 13
+2 26

fl=(216) /mnt/c/Users/IO/Desktop/GIORGIO_A_SCUOLA/PROGETTI/miniC_compiler/semantic.c
fn=(832) checkStmt
369 110
+1 88
+2 66
+57 22
cfi=(206) /mnt/c/Users/IO/Desktop/GIORGIO_A_SCUOLA/PROGETTI/miniC_compiler/symbol_table.c
cfn=(782) sym_scopeCreate
calls=11 18 
* 16398
* 11
+1 44
+1 66
-1 11
+1 11
cfn=(833) checkStmt'2
calls=11 -62 
* 10155
* 606
-1 101
+1 101
cfn=(833)
calls=101 -62 
* 118205
-1 235
+43 121

fn=(833)
369 1400
+1 1120
+2 894
+57 26
cfi=(206)
cfn=(782)
calls=13 18 
* 17479
* 13
+1 52
+1 78
-1 13
+1 13
cfn=(833)
calls=13 -62 
* 15590
* 66
-1 11
+1 11
cfn=(833)
calls=11 -62 
* 22269
-1 61
+43 726
-8 518
+8 518
-8 74
cfn=(834) checkExprType
calls=74 185 
* 62757
-87 160
cfi=(210) /mnt/c/Users/IO/Desktop/GIORGIO_A_SCUOLA/PROGETTI/miniC_compiler/ast_to_symtab.c
cfn=(830) st_bind_symbol
calls=40 96 
* 22642
* 80
+5 120
+56 20
cfn=(834)
calls=4 185 
* 3776
+1 28
cfn=(833)
calls=4 -71 
* 7740
+1 8
+1 6
-72 18
+77 30
cfn=(834)
calls=6 185 
* 2597
+1 12
+1 6
+4 60
cfn=(834)
calls=12 185 
* 12919
40 48

fn=(834)
185 960
+1 384
+2 864
+9 24
346 8
197 32
346 8
197 8
346 40
197 8
cfn=(836) resolveNameUse
calls=8 76 
* 2104
+72 148
+1 74
+4 296
+7 222
cfn=(835) checkExprType'2
calls=74 -96 
* 23594
+1 222
-1 74
+1 74
cfn=(835)
calls=74 -97 
* 34871
+4 296
40 296
346 1056
-50 60
cfn=(835)
calls=12 185 
* 12005
+1 24
-1 12
+1 36
cfn=(835)
calls=12 185 
* 4056
+3 48
+11 79
191 20
311 2
+16 16
+1 28

fn=(835)
185 3840
+1 1536
+2 3470
+9 525
346 175
197 700
346 175
197 175
346 875
197 175
cfn=(836)
calls=175 76 
* 44384
346 2508
-50 435
cfn=(835)
calls=87 185 
* 82251
+1 174
-1 87
+1 261
cfn=(835)
calls=87 185 
* 22932
+3 348
+11 588
191 214
+40 48
cfi=(206)
cfn=(838) sym_resolve
calls=12 71 
* 5737
* 12
+2 24
+3 24
+4 60
+11 24
-2 10
+3 50
cfn=(835)
calls=10 -67 
* 2005
* 70
cfn=(835)
calls=14 -67 
* 835
+1 48
fi=(215) /mnt/c/Users/IO/Desktop/GIORGIO_A_SCUOLA/PROGETTI/miniC_compiler/symbol_table.h
94 120
fe=(216)
-54 48
251 72
+13 44
+71 6
+4 4
186 4
+15 14
+1 28
-1 14
+1 28
cfn=(835)
calls=14 -17 
* 2151
+3 28
+7 84
cfn=(836)
calls=14 76 
* 4723
* 14
+4 70
cfn=(846) tryEvalConstant
calls=14 -83 
* 1518
* 28
+1 70
327 304
+1 532
-28 6
+2 3
-1 6
+1 6

fn=(846)
133 70
+1 14
-1 42
+1 28
+6 8
+25 4
-16 8
+17 98
-15 12
cfn=(847) tryEvalConstant'2
calls=3 -18 
* 69
* 6
-7 6
fi=(213) /usr/include/stdlib.h
488 40
cob=(3)
cfi=(144)
cfn=(802)
calls=10 0 
* 1083
fe=(216)
135 10
+1 20

fn=(847)
133 15
+1 3
-1 9
+1 6
+6 6
+25 3
-16 6
+17 21

fn=(824) semantic_check
529 4
+5 1
-5 10
+1 1
+4 1
cfi=(183)
cfn=(618)
calls=1 52 
* 232
+2 1
-2 1
-30 2
+32 8
+1 26
+3 26
-36 77
cfi=(210)
cfn=(826) st_elaborate_decl
calls=11 57 
* 2099
+3 22
cfi=(210)
cfn=(828) st_resolve_type
calls=11 40 
* 132
+4 11
-4 11
+4 11
cfi=(206)
cfn=(782)
calls=11 18 
* 14701
* 11
+3 11
+1 62
+1 40
cfi=(210)
cfn=(830)
calls=8 96 
* 4379
* 70
cfi=(210)
cfn=(830)
calls=14 96 
* 7476
* 44
-1 66
+6 16
+1 24
+14 8
-14 24
cfn=(832)
calls=8 369 
* 97819
-1 3
+1 9
+14 3
-14 9
cfn=(832)
calls=3 369 
* 48532
+14 33
+8 2
cfi=(183)
cfn=(770)
calls=1 140 
* 278
+1 1
+1 11

fn=(836)
76 1970
+2 197
-2 591
+2 394
cfi=(206)
cfn=(838)
calls=197 -7 
* 43247
* 394
+5 591
+6 591
+5 366
+9 394
+3 478
+1 14
+1 42
-1 183
+1 1731
-19 28

fl=(225) /mnt/c/Users/IO/Desktop/GIORGIO_A_SCUOLA/PROGETTI/miniC_compiler/ir.c
fn=(960) ir_defines_dst
947 3511
+11 24577
+1 3511

fn=(896) ir_emit_stmt
549 110
+1 22
+1 110
+63 121
-60 99
cfn=(897) ir_emit_stmt'2
calls=11 -5 
* 7943
* 500
cfn=(897)
calls=100 -5 
* 64544
* 233

fn=(897)
549 1420
+1 284
+1 1420
66 9
577 3
66 6
577 3
66 3
577 24
cfn=(898) ir_emit_jump_if_false
calls=3 328 
* 9521
+1 15
cfn=(897)
calls=3 -29 
* 932
+1 9
66 2
227 2
66 2
227 2
66 2
227 2
66 10
+33 12
227 14
66 2
227 2
cfn=(904) ir_emit_instr
calls=2 -38 
* 136
99 2
233 8
99 2
233 2
99 2
233 12
99 4
233 6
cfn=(904)
calls=2 -44 
* 114
584 10
cfn=(897)
calls=2 -35 
* 2993
+1 2
99 10
233 22
cfn=(904)
calls=2 -44 
* 152
* 35
cfn=(904)
calls=5 -44 
* 285
* 6
cfn=(904)
calls=1 -44 
* 177
603 8
+11 1562
-42 360
cfn=(900) ir_emit_expr
calls=72 441 
* 40569
+1 72
-19 90
cfn=(897)
calls=10 -5 
* 6524
* 55
cfn=(897)
calls=11 -5 
* 10510
* 52
+4 120
66 5
233 15
66 60
+33 15
-33 5
+33 10
233 40
cfn=(904)
calls=5 -44 
* 2854
597 5
66 5
597 45
cfn=(898)
calls=5 328 
* 1863
+2 15
-1 5
+1 10
cfn=(897)
calls=5 -50 
* 13636
+1 5
99 5
227 10
99 5
227 15
99 15
227 25
600 5
227 20
cfn=(904)
calls=5 -38 
* 340
602 5
99 15
233 10
99 5
233 20
607 60
cfn=(900)
calls=12 441 
* 7299
99 12
608 24
99 12
608 132
cfn=(904)
calls=12 189 
* 2814
+1 24
-21 1
233 2
99 6
233 5

fn=(958) ir_operand_is_storage
967 3350
+4 13400
+1 3350

fn=(1008) ir_emit_assign
412 648
+1 288
+1 144
+5 55
cfn=(901) ir_emit_expr'2
calls=11 +22 
* 1879
76 33
+6 10
+1 10
-3 10
421 60
cfn=(901)
calls=10 +20 
* 1530
* 6
cfn=(901)
calls=1 +20 
* 42
+1 66
191 154
+2 10
+11 10
+7 10
-7 30
423 10
204 20
423 10
204 20
423 10
204 110
+7 10
424 30
204 1
+7 1
-7 3
423 1
204 2
423 1
204 2
423 1
204 11
+7 1
424 834
77 6
-1 183
+4 60
+3 60
-3 180
416 540
cfn=(1010) ir_emit_expr_into
calls=60 +72 
* 30163
* 9
cfn=(1010)
calls=1 +72 
* 87
* 122
192 5
+1 2
cob=(3)
cfi=(144)
cfn=(750)
calls=1 0 
* 474
+2 4
-2 3
77 6

fn=(1046) ir_emit_jump_if_true
359 6
+1 5
233 7
cfn=(904)
calls=1 -44 
* 76
* 1
386 8
40 1
360 3
38 4
+28 3
363 1
66 1
363 1
66 1
363 1
66 1
363 8
cfn=(899) ir_emit_jump_if_false'2
calls=1 -35 
* 885
+1 8
cfn=(1047) ir_emit_jump_if_true'2
calls=1 -5 
* 724
99 1
233 3
99 6
233 4

fn=(1047)
359 6
+1 5
+21 4
cfn=(900)
calls=1 +60 
* 342
66 1
230 2
66 2
230 2
66 12
230 7
cfn=(904)
calls=1 -41 
* 68
384 2
191 4
-92 3
+92 6
+2 1
+11 2
+17 1
-10 1
-7 17
+7 1
-52 2
+2 1
+2 2
-2 2
+4 11
+57 1
99 1
233 1
-11 1
385 1
99 6
233 10
cfn=(904)
calls=1 -44 
* 177
* 1
386 8
40 1
360 2
+8 2
-8 1
38 4

fn=(966) ir_is_pure
117 488
+7 3416
+1 488

fn=(898)
328 48
+1 49
38 36
329 18
+3 9
cfn=(899)
calls=1 -4 
* 1191
+1 1
-4 1
+4 1
-4 3
+22 28
cfn=(900)
calls=7 +90 
* 6451
99 14
+92 21
-92 28
+92 7
-92 28
+92 14
+2 7
+11 7
+17 7
-10 7
-7 126
+7 7
-52 14
+2 7
+2 14
-2 14
+4 77
+57 7
353 64
38 32
336 16
66 2
340 1
66 2
340 1
66 1
340 1
66 1
340 8
cfn=(1046)
calls=1 +19 
* 1759
+1 8
cfn=(899)
calls=1 -13 
* 888
99 1
233 4
99 1
233 1
99 5
233 8
cfn=(904)
calls=1 -44 
* 57
343 2
162 3
+1 1
cob=(3)
cfi=(144)
cfn=(750)
calls=1 0 
* 267
+2 1
+57 1
-59 4
-1 2

fn=(899)
328 24
+1 25
38 20
329 10
+3 9
cfn=(899)
calls=1 -4 
* 433
+1 1
-4 1
+4 1
-4 3
+22 16
cfn=(900)
calls=4 +90 
* 2117
99 8
+92 12
-92 16
+92 4
-92 16
+92 8
+2 4
+11 4
+17 4
-10 4
-7 72
+7 4
-52 8
+2 4
+2 8
-2 8
+4 44
+57 4
353 32
38 16
336 8
162 3
+1 1
cob=(3)
cfi=(144)
cfn=(750)
calls=1 0 
* 437
+2 1
+57 1
-59 4
-1 2

fn=(904)
189 1161
+2 387
+13 645
-5 258
+5 222
+7 111
-7 1554
+16 222
-9 111
+9 111
+1 20
-62 40
+2 20
+2 40
-2 40
+4 220
+57 20
+2 888
-25 18
-38 18
+38 36
+5 36
+7 18
-7 72
-29 18
+29 180
+7 18
-37 36
+1 36
+1 12
+1 18
+1 30
cob=(3)
cfi=(144)
cfn=(750)
calls=6 0 
* 438
+1 12
+4 6
fi=(214)
59 6
fe=(225)
183 6
-3 6
+3 6
-1 6
fi=(214)
59 12
fe=(225)
183 6
-1 6
+1 6
fi=(214)
59 6
fe=(225)
182 6
fi=(214)
59 12
cob=(3)
cfi=(144)
cfn=(908)
calls=6 -59 
* 114
fe=(225)
184 6
+2 18
+38 48
-38 36
+38 96
-32 33
+1 10
cob=(3)
cfi=(144)
cfn=(750)
calls=5 0 
* 6026
-1 4
+1 8
cob=(3)
cfi=(144)
cfn=(750)
calls=4 0 
* 3018
+2 9
-2 18
-1 4
+1 20
-32 8
+2 16
-2 16
+4 56
+36 8
-36 24
+36 24
-39 15
+1 5
cob=(3)
cfi=(144)
cfn=(750)
calls=5 0 
* 1938
+2 5
+57 5
-59 20
-1 22
+1 4
cob=(3)
cfi=(144)
cfn=(750)
calls=4 0 
* 1946
+2 4
+46 4
-48 16
-1 8

fn=(928) ir_is_commutative
961 91
+3 364
+1 91

fn=(892) ir_generate
764 2
+4 1
-4 6
+4 1
-4 1
+1 1
+1 1
+2 1
cob=(3)
cfi=(144)
cfn=(788)
calls=1 0 
* 178
* 1
+6 6
+4 13
+1 26
-5 39
+1 26
+1 39
-80 6
cob=(3)
cfi=(144)
cfn=(696)
calls=2 0 
* 366
+1 4
-1 2
+1 2
cob=(3)
cfi=(144)
cfn=(800)
calls=2 0 
* 52
+1 6
+1 2
+2 2
+4 8
cob=(3)
cfi=(144)
cfn=(800)
calls=2 0 
* 52
+1 6
+1 1
+3 1
fi=(213)
483 3
cob=(3)
cfi=(144)
cfn=(802)
calls=1 0 
* 135
fe=(225)
709 2
fi=(213)
483 1
fe=(225)
716 4
+10 10
+1 2
-1 2
+1 2
cob=(3)
cfi=(144)
cfn=(696)
calls=2 0 
* 486
* 2
+8 2
-8 2
+2 2
+6 2
-7 2
+1 2
+1 2
+1 2
-1 2
+2 2
+1 2
+2 6
+22 4
cob=(3)
cfi=(144)
cfn=(692)
calls=2 0 
* 174
+21 2
-4 2
+4 4
+14 9
-7 43
+1 26
+1 26
622 44
cob=(3)
cfi=(144)
cfn=(894)
calls=11 0 
* 370
+3 22
-2 33
+2 11
cob=(3)
cfi=(144)
cfn=(788)
calls=11 0 
* 4536
+1 11
-1 11
+1 11
cob=(3)
cfi=(144)
cfn=(696)
calls=11 0 
* 1239
+9 11
-7 11
-2 11
+1 11
+2 11
-2 11
+8 11
+1 11
+1 25
+4 3
+1 9
cfn=(896)
calls=3 -93 
* 24697
* 24
cfn=(896)
calls=8 -93 
* 48985
242 44
-81 11
281 11
-33 22
+1 11
+1 44
-1 11
+11 11
-11 11
+1 55
+2 22
-3 29
+11 29
-11 29
+1 145
+2 58
+6 64
+7 40
+3 24
-20 16
+6 8
+2 56
-1 8
-7 115
+28 11
+1 22
-1 29
+1 114
-1 28
+1 56
-1 12
+1 48
-3 120
+7 11
cob=(3)
cfi=(144)
cfn=(692)
calls=11 0 
* 552
649 11
282 11
+1 11
649 11
cfi=(226) /mnt/c/Users/IO/Desktop/GIORGIO_A_SCUOLA/PROGETTI/miniC_compiler/global_lower.c
cfn=(914) ir_lower_globals
calls=11 87 
* 14492
+2 22
cfi=(227) /mnt/c/Users/IO/Desktop/GIORGIO_A_SCUOLA/PROGETTI/miniC_compiler/svn.c
cfn=(916) svn_optimize
calls=11 457 
* 424028
+1 22
cfi=(228) /mnt/c/Users/IO/Desktop/GIORGIO_A_SCUOLA/PROGETTI/miniC_compiler/dce.c
cfn=(938) dce_optimize
calls=11 328 
* 307500
* 11
+6 22
cfi=(232) /mnt/c/Users/IO/Desktop/GIORGIO_A_SCUOLA/PROGETTI/miniC_compiler/cp.c
cfn=(972) cp_optimize
calls=11 507 
* 466052
+1 11
-1 11
+1 11
cfi=(228)
cfn=(938)
calls=11 328 
* 295775
+1 22
+2 22
cfi=(235) /mnt/c/Users/IO/Desktop/GIORGIO_A_SCUOLA/PROGETTI/miniC_compiler/licm.c
cfn=(994) licm_optimize
calls=11 510 
* 199528
+1 11
-1 11
+1 11
cfi=(237) /mnt/c/Users/IO/Desktop/GIORGIO_A_SCUOLA/PROGETTI/miniC_compiler/sr.c
cfn=(1006) sr_optimize
calls=11 389 
* 162876
+2 22
+18 11
+2 11
-2 22
+5 33
+97 11
-96 11
260 48
+1 12
+2 84
-1 12
-14 36
637 40
cob=(3)
cfi=(144)
cfn=(620)
calls=8 0 
* 1066
* 8
+2 8
-2 8
+1 32
+1 8
76 46
+7 22
638 44
+1 132
-1 44
+1 14
76 42
684 7
+1 1
cob=(3)
cfi=(144)
cfn=(750)
calls=1 0 
* 73
-1 1
+1 1
cob=(3)
cfi=(144)
cfn=(750)
calls=1 0 
* 567
* 6
-1 1
+2 1
-1 2
+31 1
-13 2
+13 3
+4 2
+2 2
-6 2
+4 4
+1 3
+1 3
cob=(3)
cfi=(144)
cfn=(750)
calls=1 0 
* 208
* 5
162 1
721 2

fn=(968) ir_sweep
127 176
+1 22
-1 22
+3 22
-2 22
+2 66
cob=(3)
cfi=(144)
cfn=(620)
calls=22 0 
* 6212
+19 22
-19 22
+3 88
-2 22
+3 22
+1 22
+4 286
+1 44
-1 522
+1 800
+1 7038
-2 1688
+6 80
-12 80
+13 80
-13 160
+1 58
+1 116
+4 116
+10 44
cob=(3)
cfi=(144)
cfn=(692)
calls=22 0 
* 3656
+2 22
+4 44
-4 22
-1 22
+5 22
-2 22
-2 22
+5 132

fn=(1010)
488 488
+1 61
-1 183
+1 549
fi=(213)
-6 14
fe=(225)
99 14
fi=(213)
483 28
fe=(225)
99 28
fi=(213)
483 14
cob=(3)
cfi=(144)
cfn=(802)
calls=14 0 
* 1542
fe=(225)
87 14
191 14
87 56
fi=(213)
483 168
fe=(225)
191 56
+2 9
+11 171
+7 9
538 9
211 9
538 18
+5 27
204 95
+7 5
538 5
211 5
538 10
+5 15
204 12
+7 3
538 3
211 3
538 6
+5 9
211 2
538 2
211 2
538 4
+5 681
-29 42
38 168
+2 42
515 168
76 3
+23 9
-23 6
+6 3
+1 3
-3 36
191 3
+2 12
-2 12
+13 48
524 10
193 3
+11 3
524 3
211 3
-7 54
524 3
211 3
524 6
+1 15
cfn=(901)
calls=3 -84 
* 255
99 6
+92 6
-92 24
+92 6
529 2
87 10
+8 32
+96 8
+13 38
517 210
cfn=(901)
calls=42 -76 
* 3389
+1 210
cfn=(901)
calls=42 -77 
* 12988
+1 42
300 168
+1 84
+3 251
519 672
cfn=(904)
calls=42 189 
* 4333
+1 252
192 15
+1 10
cob=(3)
cfi=(144)
cfn=(750)
calls=5 0 
* 1863
+2 10
-2 20
-1 15
306 41
-2 82
+4 205
-4 2

fn=(1014) no_operand
98 158
+1 316
-1 158
+1 158
+1 158

fn=(1182) ir_free
922 1
+1 2
-1 3
+2 6
+1 4
cob=(3)
cfi=(144)
cfn=(692)
calls=1 0 
* 106
* 40
cob=(3)
cfi=(144)
cfn=(692)
calls=10 0 
* 1080
+1 44
cob=(3)
cfi=(144)
cfn=(692)
calls=11 0 
* 1672
+1 44
cob=(3)
cfi=(144)
cfn=(692)
calls=11 0 
* 1484
+1 44
cob=(3)
cfi=(144)
cfn=(692)
calls=11 0 
* 66
+1 44
cob=(3)
cfi=(144)
cfn=(692)
calls=11 0 
* 817
+1 22
-6 11
+6 11
cob=(3)
cfi=(144)
cfn=(692)
calls=11 0 
* 1167
-6 22
+8 2
cob=(3)
cfi=(144)
cfn=(692)
calls=1 0 
* 87
+2 5
+1 2
-1 2
+1 2
cob=(3)
cfi=(144)
cfn=(692)
calls=1 0 
* 108
* 2
-1 2
+1 2
cob=(3)
cfi=(144)
cfn=(692)
calls=1 0 
* 108
+1 6
cob=(3)
cfi=(144)
cfn=(692)
calls=2 0 
* 12
-2 4
+4 2
cob=(3)
cfi=(144)
cfn=(692)
calls=1 0 
* 176
+2 1
+1 3
-1 1
cob=(3)
cfi=(144)
cfn=(692)
calls=1 0 
* 108

fn=(900)
441 768
+1 96
-1 288
+1 864
+36 1152
-4 144
cfn=(1008)
calls=72 -62 
* 37977
* 72
-11 16
38 64
+2 16
465 64
+5 32
cfn=(904)
calls=16 189 
* 6118
+1 96
76 24
+4 7
+3 7
-3 28
467 80
cfn=(901)
calls=16 -26 
* 5362
+1 80
cfn=(901)
calls=16 -27 
* 2816
62 96
470 16
300 64
+1 32
+3 55
+11 1
-11 2
470 272
193 1
77 6
304 7
+8 1
-8 2
+10 5
-8 4
-2 8
+4 15
+3 4
-1 16

fn=(901)
441 1848
+1 231
-1 693
+1 2079
fi=(213)
+41 308
cob=(3)
cfi=(144)
cfn=(802)
calls=77 0 
* 8737
fe=(225)
87 308
fi=(213)
483 154
fe=(225)
-5 2772
-15 33
38 132
+2 33
465 132
+5 66
cfn=(904)
calls=33 189 
* 3067
+1 198
-23 15
cfn=(901)
calls=3 -7 
* 774
76 9
+6 1
+1 1
-3 1
-18 10
191 1
62 1
193 1
62 1
451 11
191 4
62 20
191 2
62 2
193 2
62 2
451 22
191 8
+13 57
+7 3
434 3
211 3
434 9
211 10
434 10
211 10
434 30
76 324
+4 108
+3 108
-3 432
428 52
193 19
+11 19
428 19
211 19
-7 342
428 19
211 19
428 38
204 2
428 2
211 2
-7 36
428 2
211 2
428 4
+1 105
cfn=(901)
calls=21 +12 
* 3270
99 42
+92 42
-92 168
+92 42
+1 6
+1 8
-1 2
+1 4
cob=(3)
cfi=(144)
cfn=(750)
calls=2 0 
* 2046
+2 2
-2 6
-2 2
+2 2
+11 4
62 10
+25 2
-25 2
433 2
95 12
-8 2
+8 28
+96 8
62 40
+25 8
-25 8
433 8
95 48
-8 8
+8 112
+96 32
+13 190
467 165
cfn=(901)
calls=33 -26 
* 6438
+1 165
cfn=(901)
calls=33 -27 
* 7981
62 198
470 33
300 132
+1 66
+3 196
+11 3
-11 21
470 561
77 12
192 3
+1 4
-1 1
+1 1
cob=(3)
cfi=(144)
cfn=(750)
calls=1 0 
* 866
+2 2
-2 5
306 28
-2 56
+4 130
-4 4

fl=(228)
fn=(938)
328 242
+1 198
+34 264
-31 22
+3 22
-3 22
cfi=(183)
cfn=(618)
calls=22 52 
* 13913
+3 44
-3 22
+3 22
cfi=(183)
cfn=(622)
calls=22 69 
* 506
fi=(214)
59 66
fe=(228)
335 22
fi=(214)
59 22
cob=(3)
cfi=(144)
cfn=(942)
calls=22 -59 
* 416
fe=(228)
+35 66
344 132
cfi=(229) /mnt/c/Users/IO/Desktop/GIORGIO_A_SCUOLA/PROGETTI/miniC_compiler/liveness.c
cfn=(944) liveness_computeIr
calls=22 -86 
* 392548
+6 66
cfi=(183)
cfn=(622)
calls=22 69 
* 506
182 22
-4 22
fi=(214)
59 44
fe=(228)
179 22
fi=(214)
59 22
cob=(3)
cfi=(144)
cfn=(942)
calls=22 -59 
* 380
* 22
fe=(228)
184 66
fi=(231) /mnt/c/Users/IO/Desktop/GIORGIO_A_SCUOLA/PROGETTI/miniC_compiler/bitset.h
30 242
fe=(228)
187 320
-3 44
354 88
cfi=(225)
cfn=(968)
calls=22 127 
* 21816
+5 22
-5 22
+5 22
cfi=(230)
cfn=(970) varmap_destroy
calls=22 106 
* 12482
+1 44
cfi=(183)
cfn=(770)
calls=22 140 
* 6656
+2 22
fi=(231)
30 400
cfi=(183)
cfn=(622)
calls=80 +39 
* 1840
fi=(214)
+29 320
cob=(3)
cfi=(144)
cfn=(942)
calls=80 -59 
* 1280
* 80
fe=(228)
195 240
fi=(214)
29 80
fi=(231)
+27 80
fi=(214)
-27 80
fi=(231)
+27 80
fi=(214)
-27 80
cob=(3)
cfi=(144)
cfn=(690)
calls=80 -29 
* 1040
fe=(228)
197 160
fi=(214)
29 80
fe=(228)
197 1200
+10 516
cfi=(225)
cfn=(966)
calls=172 -90 
* 1548
* 172
+14 344
cfi=(225)
cfn=(958)
calls=172 967 
* 1032
* 484
cfi=(225)
cfn=(958)
calls=242 967 
* 1452
* 828
+4 828
cfi=(225)
cfn=(958)
calls=414 967 
* 2484
* 828
+9 828
cfi=(225)
cfn=(960)
calls=414 947 
* 3726
* 828
+6 828
fi=(231)
42 1694
fe=(228)
197 2532
+1 844
+5 844
cfi=(225)
cfn=(960)
calls=422 947 
* 3798
* 1344
cfi=(225)
cfn=(958)
calls=250 967 
* 1500
* 500
+1 1750
cfi=(230)
cfn=(948)
calls=250 78 
* 38022
+3 500
-3 250
+3 250
cfi=(225)
cfn=(966)
calls=250 -90 
* 2250
* 952
fi=(231)
46 1130
fe=(228)
207 452
+1 16
+3 8
+23 344
cfi=(225)
cfn=(958)
calls=172 967 
* 1032
* 344
+1 168
cfi=(230)
cfn=(948)
calls=24 78 
* 3524
+1 24
-1 24
+1 48
fi=(231)
38 120
+1 24
fe=(228)
226 728
cfi=(230)
cfn=(948)
calls=104 78 
* 15864
+1 104
-1 104
+1 208
fi=(231)
38 520
+1 104
fe=(228)
222 1778
cfi=(230)
cfn=(948)
calls=254 78 
* 38360
+1 254
-1 254
+1 508
fi=(231)
38 1270
+1 414
fe=(228)
184 342
-87 66
cfi=(183)
cfn=(622)
calls=22 -28 
* 506
+4 44
-4 22
+5 22
+2 44
+1 66
+2 110
+2 44
-4 174
+2 290
+2 452
+1 38
-3 38
+4 76
-4 38
+2 244
+1 20
+1 80
328 68
107 42
+2 84
-5 92
328 48
-88 96
-33 32
+33 32
-33 40

fl=(226)
fn=(914)
87 88
+1 11
-1 33
+1 33
-46 22
-1 55
+1 22
+1 384
+1 384
-3 576
+2 392
-10 165
+1 51
-1 153
+1 15
-1 160
+1 36
-6 222
+67 2
-4 2
+4 2
-4 2
+4 8
cob=(3)
cfi=(144)
cfn=(620)
calls=2 -95 
* 590
+6 2
-7 6
+7 2
cob=(3)
cfi=(144)
cfn=(620)
calls=2 0 
* 500
+1 2
-1 2
+1 2
cob=(3)
cfi=(144)
cfn=(620)
calls=2 0 
* 507
+16 4
-16 4
+2 16
+14 2
-16 2
+16 8
+50 74
+4 74
-68 148
+64 74
-64 74
+68 74
-68 222
+1 74
+2 74
-2 1776
+12 148
+14 148
+10 148
cfi=(225)
cfn=(1014)
calls=74 -43 
* 444
* 74
+1 74
-1 222
+1 74
cfi=(225)
cfn=(1014)
calls=74 -44 
* 444
* 148
+1 74
+2 148
+16 222
-97 592
+2 814
-2 222
+4 1628
+96 148
18 20
+46 4
+4 18
193 99
-47 16
cfn=(1016) emit_global_addr
calls=2 -70 
* 152
+1 10
+5 1
15 5
155 1
-3 3
15 7
118 15
cfn=(1016)
calls=3 -42 
* 228
+1 3
-1 3
+1 3
15 14
172 16
cob=(3)
cfi=(144)
cfn=(692)
calls=2 0 
* 376
+1 2
+1 4
-1 2
+1 2
+4 4
-4 2
-1 2
+5 2
-4 2
+4 10
+1 2
+1 2
+1 4
-2 9
+1 9
+1 18
+2 22
-5 55
+11 2
+2 4
cob=(3)
cfi=(144)
cfn=(692)
calls=2 0 
* 174
+1 6
+1 2
-1 2
+1 12
-1 2
cob=(3)
cfi=(144)
cfn=(692)
calls=2 0 
* 174
-68 1
18 1
-3 2
+49 1
+2 1
+58 1
15 1
124 1
18 1
-3 3
+3 4
-3 10
+49 5
+4 2
-53 2
+53 3
-53 1
+53 3
-53 1
+53 1
-53 1
+53 11
-53 7

fn=(1016)
76 40
+1 5
-1 15
+2 5
-1 10
+1 5
cfi=(225)
cfn=(1014)
calls=5 +20 
* 30
-57 5
-6 20
+49 5
-43 10
-6 60
+49 20
+4 100
+13 50

fl=(160)
fn=(520) lexer_open
144 2
+2 1
-2 3
+2 1
cob=(3)
cfi=(144)
cfn=(522)
calls=1 0 
* 2258
+1 3
+6 4
cob=(3)
cfi=(144)
cfn=(576)
calls=1 0 
* 573
+1 2
cob=(3)
cfi=(144)
cfn=(612)
calls=1 0 
* 117
+1 3
-1 1
+1 1
cob=(3)
cfi=(144)
cfn=(576)
calls=1 0 
* 211
+3 2
cfi=(183)
cfn=(618)
calls=1 52 
* 395
+3 1
-3 2
+3 1
cfi=(183)
cfn=(622)
calls=1 -92 
* 212
fi=(184) /usr/include/x86_64-linux-gnu/bits/stdio2.h
+51 3
fe=(160)
-51 1
fi=(184)
+51 2
cob=(3)
cfi=(144)
cfn=(626)
calls=1 0 
* 419
fe=(160)
-49 1
+1 2
cob=(3)
cfi=(144)
cfn=(652)
calls=1 0 
* 505
+5 1
-2 1
+1 1
+1 3

fn=(680)
179 966
40 966
179 1932
fi=(191) /mnt/c/Users/IO/Desktop/GIORGIO_A_SCUOLA/PROGETTI/miniC_compiler/scanner_generated.c
63 966
182 966
fe=(160)
40 966
fi=(191)
182 966
64 1932
182 812
fe=(160)
40 812
fi=(191)
182 812
64 8967
306 924
+2 462
-2 2552
+2 5541
fe=(160)
184 284
+1 284
82 284
185 568
+3 852
cfi=(183)
cfn=(684) arena_strndup
calls=284 -88 
* 29813
* 1364
cfi=(183)
cfn=(684)
calls=682 -88 
* 71319
* 966
+3 2898
fi=(191)
64 100
251 300
+1 200
-1 78
+1 430
454 100
fe=(160)
184 100
+1 100
85 100
185 200
+3 200
fi=(191)
-17 2949
-1 1142
+1 1142
-1 1236
+1 2472
+47 4
fe=(160)
89 12
fi=(191)
379 16
fe=(160)
107 48
fi=(191)
297 2
-1 2
+1 4
fe=(160)
98 4
fi=(191)
287 75
-1 75
+1 149
fe=(160)
103 148
fi=(191)
+85 1
-1 1
+1 1
+51 40
+1 40
-85 1
fe=(160)
-29 3
fi=(191)
+82 35
fe=(160)
105 105
fi=(191)
+98 3
-1 3
+1 3
442 3
fe=(160)
100 6
fi=(191)
442 3
fe=(160)
100 3
fi=(191)
213 35
fe=(160)
106 105
fi=(191)
395 22
+1 44
-7 14
+1 14
502 9
+1 6
642 9
+1 6
822 9
+1 15
384 16
fe=(160)
108 48
fi=(191)
402 216
+1 424
592 225
+1 150
726 225
+1 375
233 5
fe=(160)
88 15
fi=(191)
228 28
fe=(160)
111 84
fi=(191)
223 73
fe=(160)
87 219
fi=(191)
197 3
fe=(160)
91 9
fi=(191)
432 24
fe=(160)
110 72
fi=(191)
427 1
-1 1
+1 1
610 1
fe=(160)
101 2
fi=(191)
610 1
fe=(160)
101 1
fi=(191)
421 24
fe=(160)
109 72
fi=(191)
415 12
+1 12
604 18
+1 12
804 18
+1 12
906 18
+1 12
+83 18
+1 30
277 8
-1 8
+1 16
fe=(160)
97 16
fi=(191)
271 128
fe=(160)
112 384
fi=(191)
409 42
+1 42
598 45
+1 30
798 36
+1 24
900 36
+1 24
+83 36
+1 24
+77 36
+1 60
447 5104
+1 10268
615 100
+1 290
447 60
+1 60
64 348
fe=(160)
+59 174
fi=(191)
+79 174
-20 174
fe=(160)
-59 174
fi=(191)
492 1
fe=(160)
93 2
fi=(191)
492 1
fe=(160)
93 1
fi=(191)
437 1
fe=(160)
94 2
fi=(191)
437 1
fe=(160)
94 1
fi=(191)
520 12
+1 28
810 40
fe=(160)
117 20
fi=(191)
810 20
fe=(160)
117 2692
+1 5398
-1 8057
fi=(191)
-54 40
727 150
+96 6
991 12
+72 24
fe=(160)

fn=(694)
193 966
+3 1932

fn=(776) lexer_close
171 2
+2 2
cfi=(183)
cfn=(770)
calls=1 -33 
* 869
+1 1
+1 1
+1 1
+1 2

fl=(245) /mnt/c/Users/IO/Desktop/GIORGIO_A_SCUOLA/PROGETTI/miniC_compiler/interference.c
fn=(1120) ig_free
71 13
+1 26
-1 52
+1 39
+3 65
+1 842
-1 421
+1 1263
cfi=(238) /mnt/c/Users/IO/Desktop/GIORGIO_A_SCUOLA/PROGETTI/miniC_compiler/dynamic_array.c
cfn=(1040) int_vector_free
calls=421 -40 
* 41394
* 13
-1 13
+1 39
cfi=(238)
cfn=(1040)
calls=13 -40 
* 1234
-1 868
+2 52

fn=(1088) ig_build
85 78
+3 13
-3 26
+10 13
-10 13
+10 39
-10 78
+12 13
-12 39
+10 13
-4 13
+4 65
+1 52
+1 52
cfi=(183)
cfn=(622)
calls=13 -28 
* 299
fi=(214)
-38 26
fe=(245)
+38 26
fi=(214)
-38 13
cob=(3)
cfi=(144)
cfn=(942)
calls=13 -59 
* 348
fe=(245)
+43 52
cfi=(183)
cfn=(622)
calls=13 -33 
* 299
+1 26
-1 13
+1 143
+1 1684
cfi=(238)
cfn=(1034) int_vector_init
calls=421 -90 
* 2526
* 26
cfi=(238)
cfn=(1034)
calls=13 -90 
* 78
-1 907
+4 65
cfi=(183)
cfn=(622)
calls=13 -38 
* 299
+1 26
-1 13
+1 13
cfi=(183)
cfn=(622)
calls=13 -39 
* 1404
+1 26
-1 13
+1 13
cfi=(183)
cfn=(622)
calls=13 -40 
* 299
+1 26
-1 13
+1 13
cfi=(183)
cfn=(622)
calls=13 -41 
* 1123
+1 26
-1 13
+1 13
cfi=(183)
cfn=(622)
calls=13 -42 
* 299
+1 26
-1 13
+1 13
cfi=(183)
cfn=(622)
calls=13 -43 
* 539
+1 26
-1 13
+1 13
cfi=(183)
cfn=(622)
calls=13 -44 
* 299
fi=(214)
-54 39
fe=(245)
+54 13
fi=(214)
-54 13
cob=(3)
cfi=(144)
cfn=(942)
calls=13 -59 
* 419
* 52
cob=(3)
cfi=(144)
cfn=(942)
calls=13 -59 
* 419
* 52
cob=(3)
cfi=(144)
cfn=(942)
calls=13 -59 
* 419
* 52
cob=(3)
cfi=(144)
cfn=(942)
calls=13 -59 
* 216
* 52
cob=(3)
cfi=(144)
cfn=(942)
calls=13 -59 
* 216
* 52
cob=(3)
cfi=(144)
cfn=(942)
calls=13 -59 
* 419
* 52
cob=(3)
cfi=(144)
cfn=(942)
calls=13 -59 
* 216
fe=(245)
+72 39
+1 6
+1 87
+7 130
+6 117
+1 775
+1 124
+3 62
cfi=(243) /mnt/c/Users/IO/Desktop/GIORGIO_A_SCUOLA/PROGETTI/miniC_compiler/regalloc_utils.c
cfn=(1092) regalloc_spill_weight
calls=31 12 
* 341
-3 2024
+3 1012
cfi=(243)
cfn=(1092)
calls=506 12 
* 5566
+4 2148
-4 537
+4 537
cfi=(243)
cfn=(1082) instr_uses
calls=537 -98 
* 21732
+1 2148
+1 2326
-1 1163
+1 475
-1 285
+1 5
-1 3
+4 2685
cfi=(243)
cfn=(1084) instr_defs
calls=537 -17 
* 10003
+1 2148
+1 2472
-1 1236
+8 2685
cfi=(243)
cfn=(1084)
calls=537 -26 
* 10003
+1 2685
cfi=(243)
cfn=(1068) instr_implicit_defs
calls=537 -52 
* 6930
+5 2148
+1 6800
fi=(231)
-72 7882
+2 1700
-1 425
+1 850
fe=(245)
+69 3400
+7 1611
+1 889
fi=(231)
-79 1774
+2 444
-1 111
+1 222
fe=(245)
+76 403
+8 1611
+13 2621
+8 523
cfi=(243)
cfn=(1094) regalloc_is_setcc
calls=523 -33 
* 3138
* 1569
-64 3852
-1 93
+76 143
+1 156
fi=(231)
109 776
+1 776
fe=(245)
+75 776
fi=(231)
-76 776
+1 1552
+1 1552
fe=(245)
-60 5290
cfn=(1098) ig_add_edge.part.0
calls=705 -2 
* 47487
* 705
fi=(231)
+58 3516
+1 3516
fe=(245)
+68 3516
fi=(231)
-69 3516
+1 7032
+1 7032
fe=(245)
-60 23780
cfn=(1098)
calls=3100 -2 
* 402124
* 3100
207 14
fi=(231)
104 34
+2 6
-1 2
+1 4
+3 14
+1 14
-1 14
+1 28
+1 28
fe=(245)
+98 72
-16 84
fi=(231)
-89 204
+2 36
-1 12
+1 24
+3 84
+1 84
-1 84
+1 168
+1 168
fe=(245)
+84 168
+2 45
+2 45

fn=(1098)
49 30440
-26 12380
+2 21465
+13 16695
+15 4770
-28 12780
+13 9940
+15 2840
+4 1789
+3 1789
+1 1789
-4 1789
+3 5367
+1 1789
cfi=(238)
cfn=(1036) int_vector_push
calls=1789 -40 
* 155217
+2 1789
+1 1789
-1 3578
+1 1789
cfi=(238)
cfn=(1036)
calls=1789 -43 
* 127370
+3 3578
+1 1789
+1 22830
-46 4260

fl=(207) /mnt/c/Users/IO/Desktop/GIORGIO_A_SCUOLA/PROGETTI/miniC_compiler/hash_table.c
fn=(784) ht_create
18 1248
+1 416
cob=(3)
cfi=(144)
cfn=(620)
calls=208 -19 
* 15413
+1 416
+2 416
+2 416
+1 208
+2 624
cob=(3)
cfi=(144)
cfn=(788)
calls=208 -27 
* 55669
* 208
+1 416
+5 416
cfi=(183)
cfn=(618)
calls=208 +19 
* 76342
+1 208
-1 208
+3 1040
fi=(208) /mnt/c/Users/IO/Desktop/GIORGIO_A_SCUOLA/PROGETTI/miniC_compiler/hash_table.h
+41 416
+1 208
+1 624
+1 624
+1 624
+1 624
+1 624
+2 624
+2 416
fe=(207)

fn=(816) ht_set
52 10746
+1 7164
+2 5970
cfi=(230)
cfn=(950) varmap_hash
calls=604 -38 
* 9664
cfi=(227)
cfn=(922) svn_hash
calls=515 +34 
* 30509
cfi=(206)
cfn=(814) sym_hash
calls=75 -47 
* 2151
+2 1194
+2 1194
-4 2388
+2 1194
+2 7448
165 746
59 1259
+24 4632
+57 23
+1 23
-1 23
+1 69
cob=(3)
cfi=(144)
cfn=(788)
calls=23 0 
* 8367
* 23
+1 46
+2 92
+1 92
+1 23
+1 46
-1 361
+1 981
+1 259
+3 259
-3 259
+3 1036
+1 259
-5 518
+1 102
+3 102
-3 102
+3 408
+1 102
-5 204
-2 1152
+12 69
cob=(3)
cfi=(144)
cfn=(692)
calls=23 0 
* 3390
+2 23
-70 23
+69 23
+1 23
-74 23
+4 69
-1 23
255 69
cfi=(183)
cfn=(622)
calls=23 69 
* 529
88 1135
255 3405
cfi=(183)
cfn=(622)
calls=1135 69 
* 26294
+2 2316
-2 1158
+2 1158
cfi=(183)
cfn=(622)
calls=1158 69 
* 26634
fi=(214)
29 2316
fi=(208)
+48 1158
fe=(207)
257 2316
fi=(214)
29 1158
cob=(3)
cfi=(144)
cfn=(690)
calls=1158 -29 
* 15673
fe=(207)
259 1158
fi=(208)
77 2316
+1 1158
+1 3474
+1 3474
+1 3474
+1 3474
+1 3474
+2 3474
+2 1158
fe=(207)
264 3474
cfi=(183)
cfn=(622)
calls=1158 69 
* 27551
fi=(214)
29 2316
fe=(207)
264 2316
fi=(214)
29 1158
cob=(3)
cfi=(144)
cfn=(690)
calls=1158 -29 
* 20480
fe=(207)
269 1158
89 1158
270 1158
89 1158
+2 1158
269 1158
89 1158
266 1158
89 1158
-9 1158
267 1158
90 1158
+4 9552
+71 1444
cob=(3)
cfi=(144)
cfn=(840)
calls=361 0 
* 7862
* 722
62 72
+18 72
fi=(214)
-51 144
cob=(3)
cfi=(144)
cfn=(690)
calls=36 -29 
* 848
fe=(207)
+37 72

fn=(936) ht_destroy
168 208
+1 416
-1 416
+3 416
+4 416
cfi=(183)
cfn=(770)
calls=208 -35 
* 69193
+2 416
cob=(3)
cfi=(144)
cfn=(692)
calls=208 0 
* 29804
+1 208
+1 208
-1 208
cob=(3)
cfi=(144)
cfn=(692)
calls=208 0 
* 19617

fn=(812) ht_get
97 5785
+1 5785
-1 5785
+1 11570
-1 23140
+1 11570
-1 5785
+1 40495
+2 17355
cfi=(230)
cfn=(950)
calls=4704 -83 
* 75264
cfi=(227)
cfn=(922)
calls=640 -11 
* 36976
cfi=(206)
cfn=(814)
calls=441 -92 
* 12627
* 17355
+1 28925
+1 5790
+63 11580
-64 3999
+9 1328
-12 1328
+12 6640
+55 17235
cob=(3)
cfi=(144)
cfn=(840)
calls=5745 0 
* 124088
* 11490
-61 4457
fi=(214)
-75 8914
fe=(207)
+75 13371
fi=(214)
-75 4457
cob=(3)
cfi=(144)
cfn=(690)
calls=4457 -29 
* 68487
fe=(207)
+81 4457
-4 4457
+4 22285

fl=(210)
fn=(828)
40 11
+1 22
+3 99

fn=(798) st_resolve_global_namespace
173 5
+4 1
-4 8
+4 1
cfi=(183)
cfn=(618)
calls=1 52 
* 232
+2 1
-2 1
+2 2
-5 1
+5 2
+1 2
+4 1
63 2
180 24
+4 12
63 24
+3 39
cfi=(183)
cfn=(716)
calls=13 +25 
* 1070
+3 26
-3 13
+3 13
cob=(3)
cfi=(144)
cfn=(800)
calls=13 -69 
* 367
* 13
+1 26
+5 13
+3 13
+1 52
cob=(3)
cfi=(144)
cfn=(800)
calls=13 -79 
* 463
+1 39
+2 1
+3 1
fi=(213)
483 3
cob=(3)
cfi=(144)
cfn=(802)
calls=1 0 
* 135
* 1
fe=(210)
84 1
186 1
46 1
186 3
44 3
186 12
46 12
186 36
44 88
187 13
+2 61
-59 11
-3 11
+3 11
+1 22
+7 11
+3 22
-6 72
-69 44
cfi=(183)
cfn=(716)
calls=22 +25 
* 1582
+3 44
-3 22
+3 22
cob=(3)
cfi=(144)
cfn=(800)
calls=22 -69 
* 659
+1 44
+5 22
+3 22
+1 44
cob=(3)
cfi=(144)
cfn=(800)
calls=22 -79 
* 688
+1 44
-36 22
fi=(215)
+38 66
fe=(210)
-38 44
fi=(215)
+38 110
-1 44
fe=(210)
+60 22
fi=(215)
-60 66
+1 44
fe=(210)
+59 44
+3 88
-81 44
179 33
+38 2
cfi=(183)
cfn=(770)
calls=1 -77 
* 278
+2 12
-22 6
-33 2
-1 2
+3 8
-2 2
-1 4
+3 2
cfi=(206)
cfn=(810) sym_bind
calls=2 54 
* 884
-2 11
-1 11
+3 44
-2 11
-1 22
+3 11
cfi=(206)
cfn=(810)
calls=11 54 
* 5178
* 39
+42 39
+1 2
-30 2
+30 2
-30 4
60 12
-1 24
186 40

fn=(826)
57 11
+2 11
+1 11
+1 11
+1 11
+1 22
-6 99
+9 11
cfi=(183)
cfn=(716)
calls=11 +25 
* 912
+3 22
-3 11
+3 11
cob=(3)
cfi=(144)
cfn=(800)
calls=11 -69 
* 315
+1 22
+5 11
+4 11
-3 11
+2 11
+1 22
cob=(3)
cfi=(144)
cfn=(800)
calls=11 -79 
* 454
+1 22
+8 11
+2 66

fn=(830)
96 496
+5 62
-5 186
-33 124
+3 124
cfi=(183)
cfn=(716)
calls=62 +25 
* 4422
+3 124
-3 62
+3 62
cob=(3)
cfi=(144)
cfn=(800)
calls=62 -69 
* 1728
* 62
+1 124
+5 62
+3 62
+1 186
cob=(3)
cfi=(144)
cfn=(800)
calls=62 -79 
* 1728
+1 124
+2 1
+3 1
fi=(213)
483 3
cob=(3)
cfi=(144)
cfn=(802)
calls=1 0 
* 135
* 1
fe=(210)
84 2
+20 4
-60 1
+2 1
-2 2
+60 244
-60 61
+2 61
-2 370
+66 62
-6 124
+9 62
-9 62
+9 124
-3 62
-6 186
+9 62
cfi=(206)
cfn=(810)
calls=62 -59 
* 21953
* 186
+7 62
+2 62
-2 62
+3 620
-63 61
-1 122

fl=(239) /mnt/c/Users/IO/Desktop/GIORGIO_A_SCUOLA/PROGETTI/miniC_compiler/instr_selector.c
fn=(1050) select_function
291 110
+1 11
-1 22
79 11
302 11
-11 11
79 11
291 33
79 11
cob=(3)
cfi=(144)
cfn=(788)
calls=11 -79 
* 2718
+3 11
-2 11
-1 11
+2 11
+1 11
cob=(3)
cfi=(144)
cfn=(620)
calls=11 -82 
* 3124
+1 11
302 11
82 11
293 11
+9 11
cfi=(230)
cfn=(946) varmap_init
calls=11 95 
* 9548
+3 44
+1 11
+1 22
-1 22
-1 11
+1 11
+1 55
cfi=(230)
cfn=(948)
calls=11 78 
* 3482
-1 196
+1 392
-1 392
-1 196
+1 196
+1 980
cfi=(230)
cfn=(948)
calls=196 78 
* 40106
+1 1242
cfi=(230)
cfn=(948)
calls=207 78 
* 23645
+1 1242
cfi=(230)
cfn=(948)
calls=207 78 
* 13258
-4 621
+8 52
+1 24
-1 8
+1 56
cfi=(230)
cfn=(948)
calls=8 78 
* 1296
* 42
-1 14
+1 98
cfi=(230)
cfn=(948)
calls=14 78 
* 2052
-1 88
+6 11
34 33
+58 11
319 11
90 11
-56 110
+56 22
+4 11
332 11
94 55
fi=(184)
-15 11
fe=(239)
+15 22
336 11
94 143
332 25
34 22
+6 44
+52 22
-55 88
+3 220
+50 22
-56 22
+3 22
-3 88
+56 44
+4 44
332 22
94 418
332 44
113 220
cfi=(230)
cfn=(948)
calls=22 -35 
* 3348
334 66
+15 11
-2 11
+2 22
-2 11
-1 11
+1 11
+2 33
+1 44
+1 22
+7 11
-4 22
-4 784
+1 392
+7 196
-4 392
+4 24
+6 1449
667 48
cfn=(1052) load_operand
calls=12 125 
* 2107
34 12
+56 12
-53 48
+3 96
+50 12
-56 12
+6 24
-6 48
+56 24
+4 144
-60 12
+60 24
-60 12
+60 24
-60 60
+60 108
-60 60
+60 36
-4 24
+4 192
255 12
+94 36
-94 96
+94 585
-94 22
683 11
+3 11
-2 33
+2 11
cfi=(230)
cfn=(970)
calls=11 106 
* 6443
+2 132
113 84
cfi=(230)
cfn=(948)
calls=12 -35 
* 1860
360 48
113 36
569 12
113 48
cfi=(230)
cfn=(948)
calls=12 -35 
* 1860
566 12
+1 12
+1 12
+1 24
113 7
cfi=(230)
cfn=(948)
calls=1 -35 
* 143
522 3
113 1
522 2
cfn=(1052)
calls=1 125 
* 170
+1 3
-1 1
+1 1
cfn=(1052)
calls=1 125 
* 61
34 1
+56 1
-50 2
523 1
34 1
+3 10
+53 1
-56 1
+6 1
-6 4
+56 2
+2 2
+2 10
-60 1
+60 2
-60 1
+60 2
-60 5
+60 9
-60 5
+60 3
-4 2
+4 3
-57 1
+57 4
-60 1
+60 2
-60 1
+3 1
+57 7
-60 3
+60 7
-60 1
+3 3
+53 5
+4 2
528 1
40 1
+54 2
-57 1
+57 4
-54 1
+54 1
-54 3
+54 1
-60 1
+6 1
-3 1
+3 5
+54 4
-60 2
+60 5
-60 1
+3 3
+53 5
+4 7
255 1
94 8
530 1
113 483
cfi=(230)
cfn=(948)
calls=69 -35 
* 10552
+48 69
-48 69
+48 483
-48 483
cfi=(230)
cfn=(948)
calls=69 -35 
* 10425
-76 345
161 69
37 69
161 167
+1 29
445 29
43 145
445 58
+1 6
+12 6
-85 8
34 8
+12 16
+46 48
-2 8
-56 72
+56 16
+4 168
255 16
94 234
255 36
94 180
255 72
639 12
90 12
+2 12
+2 12
639 12
90 12
639 24
161 107
-48 49
cfi=(230)
cfn=(948)
calls=7 -35 
* 1042
* 14
622 7
113 84
cfi=(230)
cfn=(948)
calls=12 -35 
* 1762
598 24
113 12
598 12
+8 4
cfn=(1052)
calls=1 125 
* 169
+1 3
-1 1
+1 1
cfn=(1052)
calls=1 125 
* 170
34 1
+3 3
+53 6
-56 1
+18 6
-18 3
+56 2
+2 3
+2 106
+19 14
cfi=(230)
cfn=(948)
calls=2 -35 
* 322
+70 4
433 2
183 19
+1 9
34 2
435 2
92 2
-55 16
+53 2
-56 12
+56 4
+4 30
+19 126
cfi=(230)
cfn=(948)
calls=18 -35 
* 2694
+48 18
-48 18
+48 78
-48 42
cfi=(230)
cfn=(948)
calls=6 -35 
* 931
-76 42
+76 28
cfi=(230)
cfn=(948)
calls=4 -35 
* 572
* 28
cfi=(230)
cfn=(948)
calls=4 -35 
* 609
577 8
113 4
577 4
+11 15
cfn=(1052)
calls=3 125 
* 508
34 6
+3 6
588 3
90 18
-56 3
+3 18
-3 9
+56 6
+4 54
+19 21
cfi=(230)
cfn=(948)
calls=3 -35 
* 430
+48 3
-48 3
+48 21
-48 21
cfi=(230)
cfn=(948)
calls=3 -35 
* 431
-76 12
+76 3
-76 3
161 3
37 3
161 6
+5 1
43 1
480 1
43 1
480 2
43 1
480 1
43 1
480 6
+1 2
+4 2
+1 1
-1 2
368 18
34 18
+12 36
+46 108
-2 18
-56 162
+56 36
+4 162
+19 84
cfi=(230)
cfn=(948)
calls=12 -35 
* 1860
381 12
-2 12
+2 60
34 10
644 20
34 70
+60 48
644 24
94 432
644 48
+1 24
40 24
-3 48
+3 288
-6 168
+56 48
+1 2
+1 5
cob=(3)
cfi=(144)
cfn=(750)
calls=1 -92 
* 147
+2 1
-4 2
+2 2
-2 42
648 10
34 10
+15 60
-15 100
+56 20
648 2
34 2
+15 12
-15 20
+56 4
+4 252
652 24
+1 24
113 84
cfi=(230)
cfn=(948)
calls=12 -35 
* 1862
-79 12
+56 12
-53 48
+3 96
-6 12
+3 24
-3 48
+56 36
+4 24
255 12
94 12
661 12
94 228
662 12
166 17
-62 17
-61 17
-6 17
+6 17
+49 17
-49 17
+61 17
-67 17
+67 17
-70 17
+9 153
+47 17
-56 17
+3 17
-3 68
+56 34
+4 357
628 72
+1 96
+1 24
162 12
43 60
-9 24
+58 12
-55 108
-3 12
+3 12
+53 24
-56 48
+56 24
-56 12
+58 6
-55 54
-3 6
+3 6
+53 12
-56 24
+56 12
+4 288
+67 40
446 52
34 165
+3 440
-3 55
+3 110
-3 220
+56 110
+4 605
-57 55
+57 55
-60 55
+60 55
-57 55
+57 605
-60 110
+60 275
-60 55
+3 330
+53 110
+4 880
+67 2
480 20
+1 4
+19 4
+1 4
90 4
+2 2
502 4
+2 4
34 6
+3 12
-3 2
+3 6
-3 8
+56 4
+4 20
-57 2
+57 10
-60 2
+60 4
-57 2
+57 2
-60 6
+60 4
-60 4
+60 12
-60 2
+3 12
+53 4
+4 40
+67 6
-48 18
cfi=(230)
cfn=(948)
calls=2 -35 
* 395
-76 8
+76 2
-76 2
480 10
161 120
-48 320
cfi=(230)
cfn=(948)
calls=40 -35 
* 5884
445 40
37 160
445 160
+1 80
34 1
583 1
37 2
+55 3
583 1
34 5
+56 1
-56 1
+3 4
-3 3
+56 2
+4 18
601 11
+1 33
-1 22
+1 11
cfn=(1052)
calls=11 125 
* 779
34 11
+3 33
+53 66
-56 11
+18 66
-18 33
+56 22
+4 249
-60 42
+3 112
-3 14
+3 28
-3 56
+56 28
+4 238
644 66
385 12
161 84
-48 96
cfi=(230)
cfn=(948)
calls=12 -35 
* 1800
-76 36
+76 12
-76 48
161 56
-48 40
cfi=(230)
cfn=(948)
calls=5 -35 
* 936
388 5
37 15
+57 5
+19 5
-21 5
388 5
-1 5
90 10
+4 20
399 10
34 10
399 35
34 35
+56 10
399 14
34 14
399 49
34 49
+56 14
+4 108
-60 12
+60 48
-48 12
+48 144
-48 24
-12 72
+12 36
-12 60
+56 24
+4 96
412 12
94 60
381 12
94 96
381 12
91 3
+1 5
cob=(3)
cfi=(144)
cfn=(750)
calls=1 -92 
* 147
-2 1
+4 1
-2 2
+2 2
447 80
90 80
+2 40
452 80
90 58
+2 29
452 58
+3 214
-9 40
+1 40
-2 83
+46 2
-1 2
+1 4
+4 1
-3 3
90 2
+2 1
+2 1
493 2
34 3
+3 8
-3 1
+3 3
-3 4
+56 2
+4 20
494 1
37 1
-3 1
+3 2
+6 10
-9 1
+3 2
-3 4
+56 2
+4 20
486 1
-41 3
+1 3
+1 6
-1 26
+1 52
-2 52
162 7
388 7
43 21
+47 7
+2 7
+70 14
-68 14
387 7
90 28

fn=(1052)
125 120
+1 185
-13 133
cfi=(230)
cfn=(948)
calls=19 -35 
* 2799
+17 19
-17 19
+35 95
-54 55
+54 55
-44 11
+30 11
34 11
+9 22
+49 11
+12 11
-67 33
+67 11
-67 88
+53 88
+4 187

fn=(1160) emit_operand
710 904
-1 452
+1 904
-1 1356
+1 1808
fi=(184)
79 4
fe=(239)
735 2
fi=(184)
79 6
fe=(239)
735 4
fi=(184)
79 2
cob=(3)
cfi=(144)
cfn=(1144)
calls=2 -79 
* 1226
fe=(239)
735 77
fi=(184)
79 231
fe=(239)
735 154
fi=(184)
79 77
cob=(3)
cfi=(144)
cfn=(1144)
calls=77 -79 
* 46000
fe=(239)
735 12
fi=(184)
79 36
fe=(239)
735 24
fi=(184)
79 12
cob=(3)
cfi=(144)
cfn=(1144)
calls=12 -79 
* 9008
fe=(239)
713 333
fi=(184)
79 999
fe=(239)
735 999
fi=(184)
79 333
cob=(3)
cfi=(144)
cfn=(1162)
calls=333 -79 
* 47724
* 243
fe=(239)
735 12
fi=(184)
79 12
fe=(239)
735 24
fi=(184)
79 12
cob=(3)
cfi=(144)
cfn=(1162)
calls=12 -79 
* 1783
fe=(239)
721 48
fi=(184)
79 48
cob=(3)
cfi=(144)
cfn=(1168)
calls=16 -79 
* 416
fe=(239)
723 48
fi=(184)
79 64
cob=(3)
cfi=(144)
cfn=(1162)
calls=16 -79 
* 2288
fe=(239)
724 48
fi=(184)
79 32
cob=(3)
cfi=(144)
cfn=(1144)
calls=4 -79 
* 3207
fe=(239)
735 16
fi=(184)
79 32
fe=(239)
735 32
fi=(184)
79 16
cob=(3)
cfi=(144)
cfn=(1168)
calls=16 -79 
* 416
* 81
cob=(3)
cfi=(144)
cfn=(1144)
calls=9 -79 
* 5006
* 9
fe=(239)

fn=(1126) isel_emit_asm
741 10
+3 6
+5 8
fi=(184)
79 3
fe=(239)
753 1
fi=(184)
79 3
cob=(3)
cfi=(144)
cfn=(1130)
calls=1 -79 
* 668
fe=(239)
753 1
fi=(184)
79 1
fe=(239)
753 4
+1 3
+1 3
-1 3
+1 3
+1 8
+2 2
-1 1
fi=(184)
79 6
cob=(3)
cfi=(144)
cfn=(1144)
calls=1 -79 
* 741
fe=(239)
757 1
fi=(184)
79 6
cob=(3)
cfi=(144)
cfn=(1144)
calls=1 -79 
* 741
* 12
cob=(3)
cfi=(144)
cfn=(1144)
calls=2 -79 
* 1252
fe=(239)
753 8
+11 14
+1 6
fi=(184)
79 4
fe=(239)
795 1
fi=(184)
79 1
cob=(3)
cfi=(144)
cfn=(1130)
calls=1 -79 
* 138
fe=(239)
786 7
+1 2
fi=(184)
79 1
fe=(239)
790 1
fi=(184)
79 1
fe=(239)
790 1
-3 1
fi=(184)
79 2
fe=(239)
788 1
fi=(184)
79 2
cob=(3)
cfi=(144)
cfn=(1144)
calls=1 -79 
* 751
fe=(239)
787 20
fi=(184)
79 10
fe=(239)
790 10
fi=(184)
79 10
fe=(239)
790 10
-3 10
fi=(184)
79 20
fe=(239)
788 10
fi=(184)
79 20
cob=(3)
cfi=(144)
cfn=(1144)
calls=10 -79 
* 7566
fe=(239)
790 66
+1 22
+4 44
-4 590
+4 1567
+63 1236
fi=(184)
79 55
cob=(3)
cfi=(144)
cfn=(1144)
calls=11 -79 
* 4675
* 55
cob=(3)
cfi=(144)
cfn=(1144)
calls=11 -79 
* 6083
fe=(239)
803 33
fi=(184)
79 5
cob=(3)
cfi=(144)
cfn=(1144)
calls=1 -79 
* 757
* 1
fe=(239)
790 1235
fi=(184)
79 33
cob=(3)
cfi=(144)
cfn=(1168)
calls=11 -79 
* 286
fe=(239)
786 44
904 8
fi=(184)
79 108
cob=(3)
cfi=(144)
cfn=(1144)
calls=18 -79 
* 11209
fe=(239)
797 18
fi=(184)
79 10
cob=(3)
cfi=(144)
cfn=(1130)
calls=2 -79 
* 276
fe=(239)
832 6
cfn=(1160)
calls=2 710 
* 1268
fi=(184)
79 10
cob=(3)
cfi=(144)
cfn=(1130)
calls=2 -79 
* 282
fe=(239)
834 2
+64 6
cfn=(1160)
calls=2 710 
* 326
* 108
cfn=(1160)
calls=36 710 
* 5911
fi=(184)
79 732
cob=(3)
cfi=(144)
cfn=(1168)
calls=244 -79 
* 6344
* 304
cob=(3)
cfi=(144)
cfn=(1130)
calls=12 -79 
* 1632
fe=(239)
809 12
fi=(184)
79 60
cob=(3)
cfi=(144)
cfn=(1130)
calls=12 -79 
* 1656
fe=(239)
828 12
fi=(184)
79 60
cob=(3)
cfi=(144)
cfn=(1130)
calls=12 -79 
* 1656
fe=(239)
825 12
fi=(184)
79 55
cob=(3)
cfi=(144)
cfn=(1130)
calls=11 -79 
* 1518
fe=(239)
822 11
fi=(184)
79 48
cob=(3)
cfi=(144)
cfn=(1144)
calls=8 -79 
* 4913
fe=(239)
850 8
fi=(184)
79 12
cob=(3)
cfi=(144)
cfn=(1144)
calls=2 -79 
* 1238
fe=(239)
848 2
fi=(184)
79 6
cob=(3)
cfi=(144)
cfn=(1144)
calls=1 -79 
* 627
fe=(239)
846 1
fi=(184)
79 6
cob=(3)
cfi=(144)
cfn=(1144)
calls=1 -79 
* 627
fe=(239)
845 1
fi=(184)
79 48
cob=(3)
cfi=(144)
cfn=(1144)
calls=8 -79 
* 4952
fe=(239)
844 8
fi=(184)
79 5
cob=(3)
cfi=(144)
cfn=(1130)
calls=1 -79 
* 138
fe=(239)
811 1
fi=(184)
79 5
cob=(3)
cfi=(144)
cfn=(1130)
calls=1 -79 
* 138
fe=(239)
813 1
fi=(184)
79 1030
cob=(3)
cfi=(144)
cfn=(1144)
calls=206 -79 
* 107536
fe=(239)
880 824
+4 570
+6 570
+1 570
cfn=(1160)
calls=190 710 
* 69801
+1 760
fi=(184)
79 950
cob=(3)
cfi=(144)
cfn=(1130)
calls=190 -79 
* 26790
* 80
cob=(3)
cfi=(144)
cfn=(1130)
calls=16 -79 
* 2256
fe=(239)
894 618
cfn=(1160)
calls=206 710 
* 43969
* 206
-35 244
+7 24
-2 2
-1 4
-1 6
-1 132
+26 48
cfn=(1160)
calls=16 710 
* 5305
fi=(184)
79 16
fe=(239)

fn=(1180) mach_free
910 1
+1 2
-1 4
+2 5
+1 4
cob=(3)
cfi=(144)
cfn=(692)
calls=1 0 
* 170
* 40
cob=(3)
cfi=(144)
cfn=(692)
calls=10 0 
* 3038
+1 22
-2 11
+2 11
cob=(3)
cfi=(144)
cfn=(692)
calls=11 0 
* 1182
-2 22
+4 2
cob=(3)
cfi=(144)
cfn=(692)
calls=1 0 
* 106
+2 1
-1 1
+1 2
-1 1
cob=(3)
cfi=(144)
cfn=(692)
calls=1 0 
* 108

fn=(1048) isel_select
694 2
+1 1
-1 4
+1 1
-1 1
+1 1
cob=(3)
cfi=(144)
cfn=(788)
calls=1 0 
* 513
+1 1
-1 1
+1 3
+1 3
cob=(3)
cfi=(144)
cfn=(620)
calls=1 0 
* 47
* 1
+1 4
+1 20
+2 10
-1 10
-1 20
-1 10
+1 40
cfn=(1050)
calls=10 291 
* 182356
* 1
+2 1
-1 1
-1 2
-1 1
+1 4
cfn=(1050)
calls=1 291 
* 10677
* 11
-1 22
+5 7

fl=(241)
fn=(1070) track_write.part.0
132 3294
+3 366
-3 1464
+3 2196
+4 366
-2 366
+2 1464
-44 1464
+47 1386
+2 218
-2 218
+1 218
+1 218
+1 1744
-2 148
+1 148
+1 1184
-48 987
+1 538
-1 16
+1 4
+2 88
cfi=(183)
cfn=(622)
calls=22 -31 
* 506
+2 22
+41 22
-42 22
+1 22
+41 22
-41 22
+42 22
-41 22
+2 44
-1 22
+1 44
-5 8
cfi=(183)
cfn=(622)
calls=2 -31 
* 46
+2 2
-1 2
+1 4
+35 2
-34 2
+2 4
-1 2
+33 2
-32 4

fn=(1058)
297 270
+3 27
-3 27
64 27
-3 54
+3 297
298 81
64 27
-2 54
+2 27
cfi=(183)
cfn=(622)
calls=27 +5 
* 999
+1 54
+1 27
-2 27
+1 27
cfi=(183)
cfn=(622)
calls=27 +4 
* 621
+1 27
-1 27
+1 108
cfi=(183)
cfn=(622)
calls=27 +3 
* 621
+3 81
-3 27
+3 405
+1 27
-1 525
+1 157
-1 412
+1 66
-1 75
+1 9
-1 18
+1 8
fi=(214)
-11 48
cob=(3)
cfi=(144)
cfn=(942)
calls=8 -59 
* 260
* 114
cob=(3)
cfi=(144)
cfn=(942)
calls=19 -59 
* 530
* 108
cob=(3)
cfi=(144)
cfn=(942)
calls=27 -59 
* 977
fe=(241)
+19 27
+88 27
-88 135
+88 54
+1 81
+2 54
-2 243
fi=(242)
-97 1510
fe=(241)
+99 106
-3 212
+3 106
-3 106
+3 424
-3 212
+22 1437
fi=(242)
-14 648
fe=(241)
+15 648
fi=(242)
-32 48
fe=(241)
+34 12
-3 48
+79 216
-2 54
-1 81
-46 27
fi=(242)
+76 27
fe=(241)
-76 27
+4 54
fi=(242)
-15 81
fe=(241)
+11 324
fi=(242)
+76 324
fe=(241)
-76 324
+4 648
fi=(242)
-15 2228
+1 160
+91 1490
-92 2001
+98 1818
+15 337
cfi=(243)
cfn=(1064) regalloc_is_rmw
calls=337 161 
* 2677
* 1011
+1 265
fe=(241)
-98 676
fi=(242)
+86 1380
fe=(241)
-86 230
116 460
223 58
116 692
+2 1440
-23 1028
+2 1935
+1 406
+23 864
-26 1152
+2 326
+1 66
+24 288
223 1842
+2 1380
cfi=(243)
cfn=(1066) instr_implicit_uses
calls=230 90 
* 2995
* 726
cfi=(243)
cfn=(1066)
calls=121 90 
* 1961
+1 1560
116 52
226 97
116 440
+2 615
-23 492
+2 579
+1 193
+23 135
-26 90
+26 234
-26 402
+2 60
+1 6
+24 123
226 570
+3 26
fi=(242)
-91 52
fe=(241)
+91 325
fi=(242)
-91 1580
fe=(241)
-43 118
+2 106
+1 58
231 18
+4 54
-4 6
+4 876
95 80
+2 70
+1 33
241 27
fi=(242)
+2 27
fe=(241)
-2 12
fi=(242)
+2 1026
-36 1637
+1 218
fe=(241)
+34 510
133 1785
cfn=(1070)
calls=255 -1 
* 13788
244 1275
+1 255
-1 255
cfi=(243)
cfn=(1068)
calls=255 118 
* 3067
* 288
+1 96
-1 96
cfi=(243)
cfn=(1068)
calls=96 118 
* 1631
+1 1460
133 28
245 97
133 971
cfn=(1070)
calls=111 -1 
* 5177
245 458
+22 1755
-49 972
-49 245
-3 490
+3 245
-3 245
+3 980
-3 550
284 243
+2 27
-1 27
+1 378
-1 324
+1 900
+1 252
-1 252
+1 1008
-1 504
+1 101
-1 101
+1 404
-1 202
+2 351
-4 351
+4 351
-4 702
+22 297
100 36
cfi=(183)
cfn=(622)
calls=9 -31 
* 207
+2 9
-1 9
+1 18
+20 9
-18 9
-1 9
+19 9
-17 18
-5 904
cfi=(183)
cfn=(622)
calls=226 -31 
* 5198
+2 226
-1 226
+1 452
+2 226
-1 226
+2 452
-5 172
cfi=(183)
cfn=(622)
calls=43 -31 
* 989
+2 43
-1 43
+1 86
+20 43
-18 43
-1 43
+19 43
-17 86
-5 184
cfi=(183)
cfn=(622)
calls=46 -31 
* 1058
+2 46
-1 46
+1 92
+2 46
-1 46
+2 92
-5 12
cfi=(183)
cfn=(622)
calls=3 -31 
* 69
+2 3
237 3
101 3
+1 6
+2 3
-1 3
+2 3
fi=(242)
243 6
fe=(241)
-2 6
fi=(242)
+2 6
fe=(241)
-2 670
fi=(242)
+2 670
-34 325
+90 70
-92 1263
+98 1053
-98 60
308 24
-81 12
+81 12
-81 24
+82 36
+6 5
-10 106
-98 14
+1 1
315 7
210 4
+89 36
-72 4
+73 26
-93 72
321 72
207 432
+1 72
321 504
fe=(241)
100 8
cfi=(183)
cfn=(622)
calls=2 -31 
* 46
+2 2
231 2
101 2
+1 4
+2 2
-1 2
+2 2
235 4
fi=(242)
-25 12
+98 24
fe=(241)

fl=(232)
fn=(972)
507 121
+1 110
+42 132
-39 11
183 11
+1 11
511 11
cfi=(183)
cfn=(618)
calls=11 52 
* 4383
183 11
511 11
183 11
cfi=(230)
cfn=(946)
calls=11 -88 
* 8804
+1 33
+1 207
+2 414
-2 414
-1 207
+1 207
+2 1035
cfi=(230)
cfn=(948)
calls=207 78 
* 43705
+1 1242
cfi=(230)
cfn=(948)
calls=207 78 
* 23645
+1 1242
cfi=(230)
cfn=(948)
calls=207 78 
* 13258
-5 621
519 22
-3 11
+3 66
cfi=(183)
cfn=(622)
calls=11 69 
* 253
+1 22
-1 22
+1 11
cfi=(183)
cfn=(622)
calls=11 69 
* 253
+2 44
-2 11
+2 33
cfi=(233)
cfn=(974)
calls=11 133 
* 1162
+1 110
+1 33
-1 11
+1 11
cfi=(233)
cfn=(974)
calls=11 133 
* 1162
* 87
-1 29
+1 29
cfi=(233)
cfn=(974)
calls=29 133 
* 2993
+1 160
cfi=(233)
cfn=(974)
calls=40 133 
* 4155
-2 142
218 11
+5 88
-1 22
+26 44
-17 33
-5 66
+2 11
+1 55
-7 32
+26 64
-17 48
-5 96
+2 16
+1 80
+2 237
-5 474
+2 79
+1 395
-1 600
+1 6530
+1 108
+1 216
-1 108
+1 79
cfi=(233)
cfn=(976)
calls=79 -91 
* 4631
+1 108
-4 4236
-1 3530
+14 530
cfi=(233)
cfn=(976)
calls=106 140 
* 6192
+1 2120
+1 318
-1 106
+1 106
-1 106
+1 106
cfn=(978) cp_transfer
calls=106 101 
* 21938
* 1344
-1 448
+1 448
-1 448
+1 448
cfn=(978)
calls=448 101 
* 134179
-1 1980
+4 742
cfi=(233)
cfn=(986)
calls=106 -95 
* 6688
* 212
-23 424
-2 119
534 33
cfi=(183)
cfn=(622)
calls=11 69 
* 457
+1 11
fi=(214)
59 22
fe=(232)
534 11
fi=(214)
59 11
cob=(3)
cfi=(144)
cfn=(942)
calls=11 -59 
* 191
fe=(232)
537 77
-5 44
414 44
cfi=(233)
cfn=(974)
calls=11 133 
* 1162
* 116
cfi=(233)
cfn=(974)
calls=29 133 
* 3182
+1 120
cfi=(233)
cfn=(976)
calls=40 140 
* 2261
+2 280
-7 280
+69 80
+1 120
-62 40
-96 40
+96 40
+3 200
-3 167
-96 167
+96 167
+3 835
+58 1755
cfi=(233)
cfn=(988)
calls=195 191 
* 23935
+1 1560
cfi=(233)
cfn=(988)
calls=195 191 
* 12846
72 780
+1 1365
481 216
72 585
+1 1365
+6 340
482 226
+3 195
+1 195
-1 390
+3 157
+2 604
+2 255
+6 828
cfn=(978)
calls=207 101 
* 61385
-81 1242
538 80
-1 240
355 55
cob=(3)
cfi=(144)
cfn=(788)
calls=11 0 
* 2435
* 11
+2 22
+1 66
-1 561
+1 828
+1 80
+2 1032
+1 670
-5 20
+7 20
-7 62
-4 22
+17 828
+1 646
541 44
377 22
cob=(3)
cfi=(144)
cfn=(692)
calls=11 0 
* 1033
544 33
-3 11
+6 22
cfi=(183)
cfn=(770)
calls=11 140 
* 3539
+1 22
cfi=(230)
cfn=(970)
calls=11 106 
* 6585
+1 11
76 140
481 190
80 48
cob=(3)
cfi=(144)
cfn=(990)
calls=12 -80 
* 400
* 60
-4 415
322 40
+5 20
-2 20
+2 60
+4 80
-4 516
+3 552
+1 58
443 40
+1 108
cfi=(233)
cfn=(988)
calls=12 191 
* 2400
+1 60
72 24
+1 60
+6 48
467 24
234 29
cfi=(233)
cfn=(1022)
calls=29 -70 
* 5882
* 29
+13 174
cfi=(233)
cfn=(976)
calls=58 140 
* 3389
+1 116

fn=(978)
101 7610
+2 761
-2 2283
+2 761
cfi=(225)
cfn=(960)
calls=761 947 
* 6849
* 1522
+31 8371
-28 3045
cfi=(230)
cfn=(948)
calls=435 -28 
* 66391
+1 435
-1 435
+1 1740
+2 435
cfi=(233)
cfn=(980)
calls=435 -51 
* 2610
+2 435
-2 870
+2 870
+2 359
cfi=(233)
cfn=(982)
calls=359 236 
* 2259
* 718
+16 292
+4 3480
-21 608
cfi=(233)
cfn=(984)
calls=76 226 
* 6300
* 304
+2 2288
cfi=(233)
cfn=(984)
calls=286 226 
* 55876
+1 858
-1 858
+1 572
-1 572
+1 572
cfi=(233)
cfn=(984)
calls=286 226 
* 34159
* 858
+1 890
-1 7
+2 28
+2 35
cfi=(233)
cfn=(1024)
calls=7 261 
* 109
* 14
+1 14
cfi=(233)
cfn=(1026)
calls=7 -78 
* 28
* 14
-3 7

fl=(249) /mnt/c/Users/IO/Desktop/GIORGIO_A_SCUOLA/PROGETTI/miniC_compiler/ra_spill.c
fn=(1122) ra_spill_insert
115 24
+1 2
-1 6
+1 4
+3 6
cob=(3)
cfi=(144)
cfn=(620)
calls=2 0 
* 741
fi=(214)
-60 12
cob=(3)
cfi=(144)
cfn=(908)
calls=2 -59 
* 82
fe=(249)
-38 8
+1 2
+99 12
+1 2
-1 2
+1 4
+1 4
-2 4
+1 1
-1 1
+1 2
+1 2
-2 2
-99 4
cob=(3)
cfi=(144)
cfn=(788)
calls=2 -22 
* 362
+8 2
-8 2
128 4
-98 2
+98 2
-98 10
+98 5
-98 1
+98 1
-98 5
+98 2
+2 6
cob=(3)
cfi=(144)
cfn=(620)
calls=2 0 
* 747
fi=(214)
-71 8
fe=(249)
+71 2
fi=(214)
-71 2
cob=(3)
cfi=(144)
cfn=(908)
calls=2 -59 
* 82
fe=(249)
+76 8
+1 10
cob=(3)
cfi=(144)
cfn=(620)
calls=2 0 
* 680
+3 4
-3 2
+95 4
-92 2
+25 4
+67 2
-94 2
+27 6
-11 338
+11 344
+1 516
-61 172
+83 172
-83 688
+83 496
+24 332
-72 166
+72 1826
-72 332
+1 344
fi=(214)
-81 344
fe=(249)
+81 172
fi=(214)
-81 172
fe=(249)
+81 172
fi=(214)
-81 172
fe=(249)
+81 516
+1 172
-1 1548
fi=(214)
-81 172
cob=(3)
cfi=(144)
cfn=(908)
calls=172 -59 
* 7052
fe=(249)
+94 344
+1 366
35 610
155 244
+2 6
-65 15
+6 3
+1 9
-1 6
+1 39
+5 48
+2 3
-2 15
+3 3
+46 6
+35 648
35 810
189 324
+6 6
+2 12
-2 30
+2 6
cfi=(243)
cfn=(1064)
calls=6 -36 
* 54
92 6
197 18
92 6
197 18
+9 12
+5 3
-3 3
+7 3
+5 3
-9 6
+4 3
-76 3
+72 36
+4 6
-4 3
-3 3
+7 3
+5 3
-9 6
+4 3
-76 3
+72 36
+4 72
+5 96
+11 6
-4 6
+4 6
-92 16
+92 6
cob=(3)
cfi=(144)
cfn=(692)
calls=2 0 
* 370
+1 2
+3 2
-2 2
+1 2
+1 2
cob=(3)
cfi=(144)
cfn=(692)
calls=2 0 
* 174
+1 4
cob=(3)
cfi=(144)
cfn=(692)
calls=2 0 
* 174
25 8
238 2
25 2
238 12
25 2
cob=(3)
cfi=(144)
cfn=(692)
calls=2 -25 
* 174
+67 12
+6 3
+1 6
-1 6
+1 39
+5 54
+3 3
+96 3

fl=(243)
fn=(1068)
118 1962
+1 1962
-1 1962
+2 1962
-2 1962
+2 11660
+3 8
+1 20
+1 4
+8 2016
+4 1954
-9 12
+1 4

fn=(1092)
12 537
+5 1611
+1 3222
+1 537

fn=(1094)
178 523
+1 2092
+6 523

fn=(1066)
90 1425
+1 1425
-1 1425
+2 1425
-2 1425
+2 9249
+8 86
+1 43
-9 365
+16 1512
+8 36
-21 6
+1 15
+1 1251

fn=(1064)
161 343
+1 2045
+7 343

fn=(1082)
57 3222
+1 1611
-1 3222
-32 10809
+1 864
+34 3924
-23 1986
+24 60
-36 11277
+39 11994
+98 6636
25 3192
+1 453
+50 2718
+4 453
-50 12
+30 36
+4 354
+16 1122
-55 180
+41 144
-29 108
+30 87
-38 555
+1 36
+36 108
-37 33

fn=(1084)
143 2148
+1 2148
43 12888
-18 11556
+1 1544
147 6800
+1 2148
29 780

fl=(183)
fn=(770)
140 329
+1 658
-1 1316
+4 329
+1 987
+1 658
+1 329
cob=(3)
cfi=(144)
cfn=(692)
calls=329 0 
* 67812
-1 120
+1 60
cob=(3)
cfi=(144)
cfn=(692)
calls=60 0 
* 11363
-2 778
+8 329
-1 329
+1 658
-1 329
cob=(3)
cfi=(144)
cfn=(692)
calls=329 0 
* 29834

fn=(1056)
131 27
+2 135
+1 27
-1 81
+4 27
+1 27

fn=(622)
69 25460
-36 10184
+36 5092
+5 30552
+13 10070
+2 5035
-3 5035
+3 25175
-2 57
+2 57
-3 57
+3 285
-12 228
-36 114
cob=(3)
cfi=(144)
cfn=(620)
calls=57 -41 
* 14428
+1 114
+5 57
+35 57
-35 114
+34 57
+1 171

fn=(720)
110 1463
+2 77
fi=(184)
-44 154
fe=(183)
+44 77
fi=(184)
-44 77
fe=(183)
+44 77
fi=(184)
-44 77
fe=(183)
+44 77
fi=(184)
-44 154
fe=(183)
+44 77
+1 77
-1 77
+1 154
fi=(184)
-45 77
cob=(3)
cfi=(144)
cfn=(722)
calls=77 -68 
* 49603
fe=(183)
+50 154
-44 77
+50 77
-91 77
+91 77
-50 154
-41 77
+41 231
+13 154
-1 77
fi=(184)
-18 539
cob=(3)
cfi=(144)
cfn=(722)
calls=77 -68 
* 45676
fe=(183)
+61 924

fn=(684)
100 8694
+1 3864
+2 1932
cob=(3)
cfi=(144)
cfn=(686)
calls=966 0 
* 44447
-29 966
-41 966
+70 966
-29 1932
-41 966
+41 2898
+13 1928
-1 964
fi=(214)
-57 3856
cob=(3)
cfi=(144)
cfn=(690)
calls=964 -29 
* 15704
fe=(183)
+58 2
-1 2
fi=(214)
-57 8
cob=(3)
cfi=(144)
cfn=(690)
calls=2 -29 
* 33
fe=(183)
+77 966
fi=(214)
-77 966
fe=(183)
+79 8694
-31 6
-36 4
cob=(3)
cfi=(144)
cfn=(620)
calls=2 -41 
* 348
+1 4
+5 2
+35 2
-35 4
+34 2
+1 6

fn=(618)
52 658
+2 329
-2 987
+2 329
+2 329
-2 329
+2 329
cob=(3)
cfi=(144)
cfn=(620)
calls=329 -56 
* 25006
+1 658
+5 329
-21 987
cob=(3)
cfi=(144)
cfn=(620)
calls=329 -41 
* 101923
* 658
+1 658
+5 987
+20 329
-4 329
+4 1316

fn=(716)
91 1394
+1 2788
-1 5576
+3 1394
-3 6970
+3 1394
cob=(3)
cfi=(144)
cfn=(718)
calls=1394 -94 
* 27260
-20 1394
-41 1394
+62 1394
-21 2788
-41 1394
+41 4182
+13 2786
-1 1393
fi=(214)
-57 5572
cob=(3)
cfi=(144)
cfn=(690)
calls=1393 -29 
* 23261
fe=(183)
+58 1
-1 1
fi=(214)
-57 4
cob=(3)
cfi=(144)
cfn=(690)
calls=1 -29 
* 18
fe=(183)
+69 11152
-21 3
-36 2
cob=(3)
cfi=(144)
cfn=(620)
calls=1 -41 
* 174
+1 2
+5 1
+35 1
-35 2
+34 1
+1 3

fl=(235)
fn=(994)
510 121
+1 106
+51 121
-47 22
cfi=(183)
cfn=(618)
calls=11 52 
* 4177
-1 22
+4 11
-4 11
+4 22
-3 11
-1 11
+4 11
cfi=(236) /mnt/c/Users/IO/Desktop/GIORGIO_A_SCUOLA/PROGETTI/miniC_compiler/loop.c
cfn=(996) loop_compute_dominators
calls=11 49 
* 21074
+1 22
-1 22
+1 11
cfi=(183)
cfn=(622)
calls=11 69 
* 3509
+1 44
-1 11
+1 11
cfi=(236)
cfn=(1002) loop_find
calls=11 196 
* 7704
* 11
+1 22
+3 8
cfi=(183)
cfn=(618)
calls=4 52 
* 1199
+1 16
-1 4
+1 4
cfi=(229)
cfn=(944)
calls=4 258 
* 83548
+3 12
-2 20
119 12
532 16
cfi=(236)
cfn=(1030) loop_build_pre_header
calls=4 264 
* 1663
* 4
cfi=(236)
cfn=(1030)
calls=1 264 
* 482
+3 5
111 10
535 5
111 15
cfi=(183)
cfn=(622)
calls=5 -42 
* 115
fi=(214)
-52 15
fe=(235)
+52 5
fi=(214)
-52 5
cob=(3)
cfi=(144)
cfn=(942)
calls=5 -59 
* 104
fe=(235)
+55 20
+2 25
-1 5
+1 35
-1 8
+1 147
+1 26
+1 26
cfi=(225)
cfn=(960)
calls=13 947 
* 117
-1 106
+1 106
cfi=(225)
cfn=(960)
calls=53 947 
* 477
* 216
cfi=(225)
cfn=(958)
calls=42 967 
* 252
* 84
+1 294
cfi=(230)
cfn=(948)
calls=42 -41 
* 6491
+1 252
-4 330
-2 78
541 20
cfi=(183)
cfn=(622)
calls=5 69 
* 115
+1 5
fi=(214)
59 10
fe=(235)
541 5
fi=(214)
59 5
cob=(3)
cfi=(144)
cfn=(942)
calls=5 -59 
* 81
fe=(235)
264 10
-3 5
+3 5
cob=(3)
cfi=(144)
cfn=(788)
calls=5 0 
* 1540
+1 10
-1 5
+1 5
+1 45
+1 5
-1 5
+1 5
cfi=(238)
cfn=(1034)
calls=5 14 
* 30
* 55
-1 55
+1 55
cfi=(238)
cfn=(1034)
calls=55 14 
* 330
-1 120
+4 25
cfi=(183)
cfn=(622)
calls=5 69 
* 115
+4 5
-4 5
+4 15
-3 10
+5 10
-5 20
+4 5
+1 35
-1 8
+1 134
+1 26
+3 26
cfi=(225)
cfn=(966)
calls=13 117 
* 117
-3 106
+3 106
cfi=(225)
cfn=(966)
calls=53 117 
* 477
* 202
cfi=(225)
cfn=(960)
calls=35 947 
* 315
* 70
+1 70
cfi=(225)
cfn=(958)
calls=35 967 
* 210
-1 70
-4 330
-2 65
+22 40
+2 5
+3 25
-3 25
+3 30
cfn=(1038) src_is_invariant
calls=5 196 
* 2728
-3 37
+3 185
-3 185
+3 222
cfn=(1038)
calls=37 196 
* 18248
* 126
+1 132
cfn=(1038)
calls=12 196 
* 865
* 36
+3 33
+2 7
+4 49
cfi=(230)
cfn=(948)
calls=7 78 
* 1146
+1 21
-16 131
-58 50
+1 5
-1 5
+1 5
cfi=(238)
cfn=(1040)
calls=5 36 
* 430
* 55
-1 55
+1 55
cfi=(238)
cfn=(1040)
calls=55 36 
* 3246
-1 125
+84 15
cob=(3)
cfi=(144)
cfn=(692)
calls=5 0 
* 548
+85 5
-1 5
+4 5
-4 5
+1 10
-1 5
+1 15
+3 5
cfi=(183)
cfn=(618)
calls=5 52 
* 2480
+3 20
-3 10
+3 5
cfi=(183)
cfn=(622)
calls=5 69 
* 115
+2 20
-2 5
+2 5
cfi=(183)
cfn=(622)
calls=5 69 
* 115
fi=(214)
59 15
fe=(235)
415 5
fi=(214)
59 5
cob=(3)
cfi=(144)
cfn=(942)
calls=5 -59 
* 81
* 20
cob=(3)
cfi=(144)
cfn=(942)
calls=5 -59 
* 86
fe=(235)
419 10
fi=(214)
59 5
fe=(235)
419 103
-11 5
+14 464
+1 280
-61 28
+1 146
-1 104
+64 14
-80 77
+1 28
cfi=(236)
cfn=(1042) loop_dominates
calls=7 107 
* 84
* 21
+75 42
+21 40
+85 15
+33 16
-3 12
cfi=(230)
cfn=(970)
calls=4 106 
* 2417
+1 8
cfi=(183)
cfn=(770)
calls=4 140 
* 1697
+1 8
cfi=(183)
cfn=(770)
calls=4 140 
* 2819
+1 8
-40 14
cfi=(183)
cfn=(770)
calls=7 140 
* 4548
* 7
284 70
+2 35
-2 210
+2 140
cfi=(230)
cfn=(948)
calls=35 78 
* 4961
+1 329
cfi=(238)
cfn=(1036)
calls=32 21 
* 3466
-1 245
cfi=(230)
cfn=(948)
calls=35 78 
* 2968
+1 203
cfi=(238)
cfn=(1036)
calls=14 21 
* 1656
+4 224
+22 49
+1 12
+1 3
-1 3
+1 3
+1 14
-3 7
+3 7
-3 7
+3 7
-3 14
+1 4
+1 4
-1 4
+1 4
443 15
cfi=(183)
cfn=(770)
calls=5 140 
* 1370
549 10

fn=(1038)
196 432
+2 304
+2 240
cfi=(225)
cfn=(958)
calls=40 967 
* 240
* 80
+2 280
cfi=(230)
cfn=(948)
calls=40 78 
* 6178
+3 280
+3 78
+4 31
-58 31
+58 217
-14 15
+14 184
-4 35
-56 245
cfi=(225)
cfn=(958)
calls=35 967 
* 210
* 70
+3 105
+2 133
+51 32
-51 21
-3 21
+3 21
-1 21
+1 181
-1 34
+1 348
+1 220
+1 110
cfi=(225)
cfn=(960)
calls=55 947 
* 495
-1 724
+1 362
cfi=(225)
cfn=(960)
calls=181 947 
* 1629
* 472
+1 322
+4 120
-1 180
+6 42
-12 860
-2 170
+2 14
-3 14
+3 14
-1 14
+1 130
-1 32
+1 316
+1 184
+1 92
cfi=(225)
cfn=(960)
calls=46 947 
* 414
-1 708
+1 354
cfi=(225)
cfn=(960)
calls=177 947 
* 1593
* 446
+1 310
+6 321
+3 36
-12 868
-2 208

fl=(227)
fn=(922)
89 1155
+2 1155
+1 4620
+1 1155
-1 1155
+1 1155
+1 1155
-2 2310
+1 8745
-1 8745
+1 8745
+1 8745
-2 17490
+5 1155

fn=(930) svn_lookupOrInsertExpr
298 864
+5 96
-5 576
+5 456
+1 750
cfi=(207)
cfn=(812)
calls=125 97 
* 16759
* 260
fi=(214)
59 5
fe=(227)
231 5
fi=(214)
59 100
fe=(227)
231 5
+1 30
cfi=(207)
cfn=(812)
calls=5 97 
* 665
* 10
+7 20
fi=(214)
59 5
fe=(227)
239 40
-32 5
+33 5
-33 10
313 5
+2 5
-74 10
+72 5
-72 10
+73 10
-73 10
+74 5
cfi=(225)
cfn=(1014)
calls=5 98 
* 30
+1 15
-1 20
+1 5
cfn=(932) svn_defineValue
calls=5 186 
* 3290
+7 1056
-4 91
+1 273
-1 273
+1 273
cfi=(207)
cfn=(816)
calls=91 52 
* 30510
+1 455
cfn=(932)
calls=91 186 
* 66461
+2 273

fn=(916)
457 77
+1 11
-1 33
+1 22
+14 11
-11 22
+5 11
-6 11
+8 11
-7 11
cob=(3)
cfi=(144)
cfn=(788)
calls=11 0 
* 2374
* 11
+5 33
+1 219
+1 132
cfn=(918) svn_processEbb
calls=22 -36 
* 419741
-2 142
+5 33
+1 11
-1 11
+1 55
-1 11
cob=(3)
cfi=(144)
cfn=(692)
calls=11 0 
* 1035

fn=(918)
432 22
105 22
432 154
105 22
432 22
+1 22
105 22
432 110
+1 22
105 22
cfi=(207)
cfn=(784)
calls=22 -87 
* 15528
+1 44
-1 22
+1 22
cfi=(207)
cfn=(784)
calls=22 -88 
* 13987
+1 44
-1 22
+1 22
cfi=(207)
cfn=(784)
calls=22 -89 
* 13947
+1 22
439 44
107 22
439 88
+1 88
-97 110
+98 44
-98 44
+98 182
-98 526
+3 558
cfn=(920) svn_valueNumberOf
calls=62 -86 
* 26252
+1 186
-1 62
+1 248
cfn=(920)
calls=62 -87 
* 42989
+3 62
-3 62
+3 124
cfi=(225)
cfn=(928)
calls=62 961 
* 372
* 250
+6 124
+2 62
+1 186
-3 124
+3 62
+81 452
+5 44
+1 124
-1 44
+1 89
113 66
cfi=(207)
cfn=(936)
calls=22 +55 
* 11116
+1 66
cfi=(207)
cfn=(936)
calls=22 +54 
* 11095
+1 66
cfi=(207)
cfn=(936)
calls=22 +53 
* 15705
451 242
-52 124
cfn=(930)
calls=62 298 
* 78014
+41 248
-63 140
cfn=(920)
calls=14 260 
* 7922
+1 42
-1 14
+1 14
cfn=(932)
calls=14 186 
* 9248
+62 42
-61 14
+67 27
+1 30
cfn=(919) svn_processEbb'2
calls=6 -15 
* 63692
* 6
-1 48
+1 45
cfn=(919)
calls=9 -15 
* 103973
* 18

fn=(919)
432 18
105 18
432 126
105 18
432 18
+1 18
105 18
432 90
+1 18
105 18
cfi=(207)
cfn=(784)
calls=18 -87 
* 12541
+1 36
-1 18
+1 18
cfi=(207)
cfn=(784)
calls=18 -88 
* 12008
+1 36
-1 18
+1 18
cfi=(207)
cfn=(784)
calls=18 -89 
* 12246
+1 18
439 36
107 18
439 72
+1 72
-97 90
+98 36
-98 36
+98 168
-98 484
+3 261
cfn=(920)
calls=29 -86 
* 15590
+1 87
-1 29
+1 116
cfn=(920)
calls=29 -87 
* 13832
+3 29
-3 29
+3 58
cfi=(225)
cfn=(928)
calls=29 961 
* 174
* 138
+1 12
+5 12
+2 6
+1 18
-3 12
+3 6
-3 46
+2 23
+1 69
-3 46
+3 23
+26 16
+1 32
-1 32
+1 16
cfn=(932)
calls=16 186 
* 15280
+54 472
+5 36
+1 96
-1 36
+1 51
113 54
cfi=(207)
cfn=(936)
calls=18 +55 
* 8914
+1 54
cfi=(207)
cfn=(936)
calls=18 +54 
* 9513
+1 54
cfi=(207)
cfn=(936)
calls=18 +53 
* 13241
451 198
-52 68
cfn=(930)
calls=34 298 
* 45737
+41 136
-43 5
+2 15
-3 5
+1 5
+1 5
+1 5
-22 30
cfn=(920)
calls=3 260 
* 2581
+1 9
-1 3
+1 3
cfn=(932)
calls=3 186 
* 1956
+62 9
-61 3
+67 9
+1 5
cfn=(919)
calls=1 -15 
* 3648
* 1
-1 21
+1 10
cfn=(919)
calls=2 -15 
* 10938
* 4

fn=(932)
186 645
+1 774
+5 903
fi=(214)
59 387
fe=(227)
+71 258
+8 69
-1 69
+1 69
+52 414
cfi=(207)
cfn=(816)
calls=69 52 
* 21300
* 360
cfi=(207)
cfn=(816)
calls=60 52 
* 15774
+1 516
cfn=(924) svn_addLeaderForValue
calls=129 -26 
* 54388
* 129
-58 120
+2 60

fn=(920)
260 2189
130 199
fi=(214)
-71 398
fe=(227)
+71 1041
+3 208
266 1144
+1 1392
cfi=(207)
cfn=(812)
calls=232 97 
* 33736
* 464
+7 199
+1 1990
138 41
-1 41
+1 41
+1 41
271 83
+1 332
-1 249
+1 166
cfi=(207)
cfn=(816)
calls=83 52 
* 26744
+1 332
cfn=(924)
calls=83 165 
* 37837
* 83
142 54
-1 54
+1 54
+1 54

fn=(924)
165 212
fi=(214)
59 212
fe=(227)
165 1272
+5 212
-5 424
fi=(214)
59 636
fe=(227)
165 636
fi=(214)
59 2968
fe=(227)
170 980
+1 1668
cfi=(207)
cfn=(812)
calls=278 -74 
* 20874
* 556
+3 636
+1 1696
+3 1272
cfi=(207)
cfn=(816)
calls=212 52 
* 55851
+1 2120

fl=(246) /mnt/c/Users/IO/Desktop/GIORGIO_A_SCUOLA/PROGETTI/miniC_compiler/ra_coalesce.c
fn=(1100) ra_collect_partners
47 104
+3 104
-2 52
+19 26
-6 174
-11 1206
+2 1611
+5 834
-2 49
+3 176
+2 1025
+4 684
+3 1090
+3 1090
-48 436
-8 558
+2 1020
+9 170
-9 340
+9 510
+49 340
-58 288
+9 48
-9 96
+9 144
+49 96
-39 270
+4 135
+11 135
-11 540
+11 270
+29 13
+1 13
-1 26
+1 26
-1 13
+1 78
-23 458
+4 111
-47 144
+22 36
+1 24
cob=(3)
cfi=(144)
cfn=(750)
calls=4 -37 
* 1738
* 48
cob=(3)
cfi=(144)
cfn=(750)
calls=12 -37 
* 876
* 80
+11 12
-12 24

fn=(1118) partnerlist_free
82 39
+1 26
cob=(3)
cfi=(144)
cfn=(692)
calls=13 -83 
* 1469
+2 13
+1 13
+1 26

fl=(247) /mnt/c/Users/IO/Desktop/GIORGIO_A_SCUOLA/PROGETTI/miniC_compiler/ra_color.c
fn=(1116) ra_select_colors
136 104
+7 26
+6 13
-4 39
-30 39
+38 13
-4 13
+1 13
-12 13
+12 13
-6 13
+6 13
-1 13
+1 13
-5 13
-1 13
+6 13
-1 13
+1 52
-6 239
+6 239
-1 239
+1 239
-5 239
-1 239
+6 239
-1 239
+1 1880
+2 231
+1 231
-1 231
+1 1155
-3 231
+3 231
-3 462
+2 2811
+1 2811
-1 2811
+1 14055
-3 2811
+3 2811
-3 5853
+7 462
-52 462
+52 42
-52 1539
+3 247
+1 247
+2 494
-3 2931
+1 2931
+2 12072
+1 344
+3 172
+1 344
+5 256
-14 9168
+58 390
+4 21
+1 14
+9 7
+1 7
-37 21
+37 242
-37 735
+45 104
-13 246
+1 240
+3 120
+4 6
-1 3
+1 12

fn=(1102) ra_simplify
13 169
+1 65
+3 13
-3 13
+3 13
-3 13
cob=(3)
cfi=(144)
cfn=(620)
calls=13 -14 
* 878
+3 39
-3 13
+3 13
cfi=(248)
cfn=(1104)
calls=13 +11 
* 13469
+3 564
+1 1008
+1 444
cfi=(248)
cfn=(1108)
calls=148 +39 
* 3178
-2 522
+6 39
cfi=(248)
cfn=(1110)
calls=13 +61 
* 117
* 717
cfi=(248)
cfn=(1110)
calls=239 +61 
* 2142
* 252
+3 504
+42 996
cfi=(248)
cfn=(1112)
calls=249 +1 
* 7838
+2 498
+2 249
-2 249
+4 498
-2 249
+2 249
-2 249
+2 996
-2 3
-2 3
+4 6
-2 3
+2 3
-2 3
+2 33
+8 1678
-8 8396
+1 6084
+1 16980
+1 4086
+1 2724
+1 2724
+1 1046
-6 1046
+6 1046
cfi=(248)
cfn=(1112)
calls=523 -11 
* 15486
+1 2092
cfi=(248)
cfn=(1108)
calls=523 -23 
* 11348
-7 3173
-53 1486
+62 404
cfi=(248)
cfn=(1108)
calls=101 -25 
* 2210
-9 404
-33 3
+4 6
-3 3
+3 3
-3 3
-1 6
+9 12
-6 333
+1 429
+1 59
+2 59
-2 59
+2 118
-1 295
+1 59
+1 177
+3 112
-8 56
+8 112
-8 112
+14 6
+3 21
+6 3
+5 13
+16 26
cfi=(248)
cfn=(1114)
calls=13 -38 
* 4031
+2 156

fl=(152) ???
fn=(1200) 0x00000000000029b0
0 9
cob=(3)
cfi=(144)
cfn=(1206)
calls=1 0 
0 80
0 1
cfn=(1216) 0x0000000000002940
calls=1 0 
0 5
0 3

fn=(488) (below main)
0 12
cob=(2)
cfi=(153) ./csu/../csu/libc-start.c
cfn=(490) __libc_start_main@@GLIBC_2.34
calls=1 242 
0 5418503

fn=(1216)
0 5

fn=(500) 0x00000000000029f0
0 12

fl=(238)
fn=(1034)
14 494
+1 988
+1 494
+1 494
+2 494

fn=(1040)
36 494
+1 988
-1 988
+2 988
cob=(3)
cfi=(144)
cfn=(692)
calls=494 -38 
* 40870
+1 494
+1 494
+2 988

fn=(1036)
21 3624
+1 7248
-1 18120
+3 3624
+3 3624
-3 7248
+9 8460
+1 11280
-8 2218
+1 305
cob=(3)
cfi=(144)
cfn=(750)
calls=305 -27 
* 27409
* 499
cob=(3)
cfi=(144)
cfn=(750)
calls=499 -27 
* 181602
* 804
+1 1608
+5 804
-4 804
+1 804
+3 2412
+1 3216
-8 499
+1 1497

fl=(206)
fn=(838)
71 209
+1 418
-1 1254
+1 627
+2 627
cob=(3)
cfi=(144)
cfn=(718)
calls=209 -74 
* 4075
* 209
+1 418
+4 2196
cfi=(207)
cfn=(812)
calls=366 +18 
* 35867
* 732
-1 889
+6 209
-4 209
+4 1045

fn=(782)
18 108
+2 36
-2 72
+2 36
cob=(3)
cfi=(144)
cfn=(620)
calls=36 -20 
* 7716
+1 72
+3 144
cfi=(207)
cfn=(784)
calls=36 -6 
* 34036
* 36
+1 72
+6 36
+1 36
+1 36
+2 107
+4 35
+2 35
-6 70
+4 105
+4 105
+4 175
-7 109
+1 21
cob=(3)
cfi=(144)
cfn=(750)
calls=21 -41 
* 5423
-1 2
+1 2
cob=(3)
cfi=(144)
cfn=(750)
calls=2 -41 
* 1293
+2 23
-2 69
-6 1
+12 5
-7 2
+1 6

fn=(814)
8 516
+2 516
+1 2064
+1 516
-1 516
+1 516
+1 516
-2 1032
+1 1345
-1 1345
+1 1345
+1 1345
-2 2690
+5 516

fn=(1184) sym_finalize
86 1
+1 2
-1 8
+4 1
+5 1
-5 3
+1 1
-4 2
+4 10
-4 20
+3 11
+5 11
-5 44
+1 11
-4 22
+3 11
+5 11
-5 50
+1 7
-4 14
+4 3
-4 6
+3 10
+5 10
-5 28
+1 2
-4 4
+4 1
-4 2
+3 3
+5 3
-5 6
+5 3
cob=(3)
cfi=(144)
cfn=(692)
calls=3 -95 
* 18
+1 9
cfi=(207)
cfn=(936)
calls=3 +72 
* 1791
+1 6
cob=(3)
cfi=(144)
cfn=(692)
calls=3 -97 
* 324
-7 3
+5 3
-5 13
+5 2
cob=(3)
cfi=(144)
cfn=(692)
calls=2 -95 
* 216
* 8
cob=(3)
cfi=(144)
cfn=(692)
calls=8 -95 
* 48
+1 30
cfi=(207)
cfn=(936)
calls=10 +72 
* 6036
+1 20
cob=(3)
cfi=(144)
cfn=(692)
calls=10 -97 
* 1080
-7 10
+5 10
-5 51
+5 7
cob=(3)
cfi=(144)
cfn=(692)
calls=7 -95 
* 756
* 4
cob=(3)
cfi=(144)
cfn=(692)
calls=4 -95 
* 24
+1 33
cfi=(207)
cfn=(936)
calls=11 +72 
* 6594
+1 22
cob=(3)
cfi=(144)
cfn=(692)
calls=11 -97 
* 1188
-7 11
+5 11
-5 44
+5 11
cob=(3)
cfi=(144)
cfn=(692)
calls=11 -95 
* 1188
+1 33
cfi=(207)
cfn=(936)
calls=11 +72 
* 6807
+1 22
cob=(3)
cfi=(144)
cfn=(692)
calls=11 -97 
* 1188
-7 11
+5 11
-5 33
+5 1
cob=(3)
cfi=(144)
cfn=(692)
calls=1 -95 
* 212
+1 3
cfi=(207)
cfn=(936)
calls=1 +72 
* 597
+2 1
-1 1
+1 6
-1 1
cob=(3)
cfi=(144)
cfn=(692)
calls=1 -97 
* 108

fn=(810)
54 750
+2 675
+2 225
cob=(3)
cfi=(144)
cfn=(718)
calls=75 -58 
* 1577
* 75
+1 150
+10 675
-6 450
cfi=(207)
cfn=(812)
calls=75 +34 
* 5031
* 150
+5 450
cfi=(207)
cfn=(816)
calls=75 -16 
* 17732
* 75

fl=(244) /mnt/c/Users/IO/Desktop/GIORGIO_A_SCUOLA/PROGETTI/miniC_compiler/regalloc.c
fn=(1074) regalloc
421 8
+2 1
-2 3
+2 3
101 6
423 2
+1 2
-88 1
+88 2
-83 1
+83 1
-83 2
94 2
cob=(3)
cfi=(144)
cfn=(620)
calls=1 -94 
* 47
424 20
-88 10
+88 20
-83 10
+83 10
-83 20
94 20
cob=(3)
cfi=(144)
cfn=(620)
calls=10 -94 
* 470
* 4
cob=(3)
cfi=(144)
cfn=(620)
calls=2 -94 
* 94
+4 13
-4 13
+4 39
-5 26
+2 39
+3 1557
+1 3258
+1 36
+1 108
+1 18
-1 18
-3 18
+3 18
-3 36
+8 39
+1 26
+1 104
+4 91
cob=(3)
cfi=(144)
cfn=(620)
calls=13 0 
* 587
+1 13
-1 13
+1 13
cob=(3)
cfi=(144)
cfn=(620)
calls=13 0 
* 587
+3 39
-3 13
+1 13
+1 44
+1 186
+1 36
+2 18
-1 18
-1 18
-2 150
+9 39
+1 13
+10 13
-10 13
+1 91
-1 18
+10 18
-10 18
+1 170
+3 8
-57 74
+1 52
+56 8
-5 66
-9 36
+11 32
+18 24
-20 16
+11 3
+1 1
-64 2
+2 2
-2 9
+1 9
+63 1
-12 3
+24 26
cob=(3)
cfi=(144)
cfn=(692)
calls=13 0 
* 1131
+1 26
cob=(3)
cfi=(144)
cfn=(692)
calls=13 0 
* 1131
351 26
cfi=(183)
cfn=(618)
calls=13 52 
* 10753
+1 39
-1 13
+1 39
cfi=(229)
cfn=(1076) liveness_computeMach
calls=13 -8 
* 255909
+8 130
cfi=(245)
cfn=(1088)
calls=13 85 
* 657425
+6 52
cfi=(246)
cfn=(1100)
calls=13 47 
* 17341
+8 26
-1 13
-7 13
+8 13
-8 13
+8 13
cfi=(247)
cfn=(1102)
calls=13 13 
* 124995
+6 26
-6 13
+6 91
cob=(3)
cfi=(144)
cfn=(620)
calls=13 0 
* 1107
+1 78
-1 13
+1 13
cfi=(247)
cfn=(1116)
calls=13 136 
* 74848
+4 13
-4 13
+4 13
cfi=(246)
cfn=(1118)
calls=13 82 
* 1586
+2 26
+15 10
cfi=(249)
cfn=(1122)
calls=2 115 
* 24173
+1 4
cob=(3)
cfi=(144)
cfn=(692)
calls=2 0 
* 174
* 4
cob=(3)
cfi=(144)
cfn=(692)
calls=2 0 
* 174
* 4
cfi=(245)
cfn=(1120)
calls=2 71 
* 16352
+1 4
cfi=(183)
cfn=(770)
calls=2 140 
* 1011
* 4
cob=(3)
cfi=(144)
cfn=(692)
calls=2 0 
* 409
-61 2
190 11
391 11
190 33
+1 33
-2 44
-19 535
+11 148
+1 24
+1 38
-2 24
+1 20
+1 18
+28 6
-21 3
+21 45
-21 6
+21 560
-21 280
+21 4200
-21 560
-20 1095
+2 236
-1 236
+1 472
-2 958
+13 125
-2 398
+24 1047
+1 698
+1 1062
+1 408
-18 246
+23 11
392 11
213 11
392 11
cob=(3)
cfi=(144)
cfn=(692)
calls=11 0 
* 957
* 22
cob=(3)
cfi=(144)
cfn=(692)
calls=11 0 
* 957
* 22
cfi=(245)
cfn=(1120)
calls=11 71 
* 29982
+1 22
cfi=(183)
cfn=(770)
calls=11 140 
* 3422
* 22
cob=(3)
cfi=(144)
cfn=(692)
calls=11 0 
* 1308
254 44
+1 11
-4 11
+6 44
-7 22
+5 22
+1 757
+1 573
-25 191
+25 573
+1 573
-4 191
+4 191
-4 382
+4 276
-4 92
+4 92
-4 184
+7 22
+5 8
-2 4
+2 54
+4 2
-4 3
+4 6
+1 8
+5 28
+1 8
-1 4
-1 16
cob=(3)
cfi=(144)
cfn=(620)
calls=4 0 
* 9483
+19 4
-13 8
-6 4
+19 12
+6 2754
-19 664
+1 332
+10 324
+2 15
+1 105
+1 5
-2 5
+3 15
-1 5
+1 80
-3 10
+1 9
+1 3
-1 48
+2 9
-1 3
-2 3
+3 36
-3 6
+1 6
+1 2
-1 32
+2 6
-1 2
-2 2
+3 24
-3 4
+1 3
+1 1
-1 16
+2 3
-1 1
+1 12
-3 2
+1 19
+2 26
170 111
+2 111
-2 111
+1 111
+1 222
-2 111
+2 55
-2 55
+1 55
+1 110
-2 55
+11 332
+1 48
303 8
cob=(3)
cfi=(144)
cfn=(692)
calls=4 0 
* 1056
+1 8
+1 4
413 8
+10 4
-10 12
+10 16
-10 14
+10 7
-10 21
+10 28
+2 11
181 308
284 68
+1 8
+1 84
+2 64
-3 8
+1 57
+2 48
-3 6
+1 38
+2 32
-3 4
+1 19
+2 16
-3 2
+1 19
+2 24
-22 16

fl=(159) /mnt/c/Users/IO/Desktop/GIORGIO_A_SCUOLA/PROGETTI/miniC_compiler/parser/main.c
fn=(518) main
27 9
+4 3
-2 2
-1 3
+9 4
-6 6
+1 22
+1 4
+1 6
+1 3
-4 1
+5 1
-5 3
+9 2
+3 2
cfi=(160)
cfn=(520)
calls=1 144 
* 4732
+1 2
cfi=(183)
cfn=(618)
calls=1 +8 
* 395
+1 1
-1 1
+1 1
cfi=(190)
cfn=(678)
calls=1 +35 
* 851142
* 1
+1 1
cfi=(160)
cfn=(776)
calls=1 171 
* 878
+2 2
+2 1
cfi=(205)
cfn=(780) totalErrorCount
calls=1 -16 
* 3
* 2
+7 2
cfi=(206)
cfn=(782)
calls=1 -39 
* 1446
+1 1
-1 1
+1 2
cfi=(210)
cfn=(798)
calls=1 173 
* 13516
+1 2
-1 1
+1 1
cfi=(216)
cfn=(824)
calls=1 529 
* 176308
+7 3
+6 3
cfi=(218) /mnt/c/Users/IO/Desktop/GIORGIO_A_SCUOLA/PROGETTI/miniC_compiler/optimize.c
cfn=(852) optimize_ast
calls=1 563 
* 252503
+1 2
cfi=(225)
cfn=(892)
calls=1 764 
* 1957022
+11 1
-11 1
+12 2
+1 3
cob=(3)
cfi=(144)
cfn=(522)
calls=1 -86 
* 472
* 1
+1 2
+7 2
cfi=(239)
cfn=(1048)
calls=1 694 
* 193776
* 1
+1 2
+2 3
cfi=(240)
cfn=(1054)
calls=1 256 
* 194837
+3 2
cfi=(244)
cfn=(1074)
calls=1 421 
* 1270333
+4 5
cfi=(239)
cfn=(1126)
calls=1 741 
* 337610
+2 2
cfi=(239)
cfn=(1180)
calls=1 910 
* 4733
+1 4
cob=(3)
cfi=(144)
cfn=(652)
calls=1 0 
* 704
+2 2
cfi=(225)
cfn=(1182)
calls=1 922 
* 7325
+1 2
cfi=(206)
cfn=(1184)
calls=1 -24 
* 28928
+1 2
cfi=(195)
cfn=(878) freeAST
calls=1 -38 
* 119536
+1 2
cfi=(183)
cfn=(770)
calls=1 +28 
* 474
-32 1
+34 8
-82 2
+1 2

fl=(205)
fn=(780)
34 1
+2 2

fn=(754)
26 149
+2 298

fl=(237)
fn=(1006)
389 143
+1 106
+48 121
-44 22
cfi=(183)
cfn=(618)
calls=11 52 
* 4395
-1 22
+3 11
-3 11
+1 11
+2 11
-2 11
-1 11
+3 11
cfi=(236)
cfn=(996)
calls=11 49 
* 31653
+1 22
-1 11
+1 11
cfi=(183)
cfn=(622)
calls=11 69 
* 3185
+1 44
-1 11
+1 11
cfi=(236)
cfn=(1002)
calls=11 196 
* 8185
* 11
+1 22
+2 8
cfi=(183)
cfn=(618)
calls=4 52 
* 1102
+1 16
-1 4
+1 4
cfi=(229)
cfn=(944)
calls=4 258 
* 86121
+5 24
-1 12
+5 251
+1 87
-1 238
+1 48
-1 232
+1 30
-5 337
+10 12
-80 12
+79 32
+3 15
115 25
cfi=(183)
cfn=(622)
calls=5 -46 
* 115
fi=(214)
-56 15
fe=(237)
+56 10
fi=(214)
-56 5
cob=(3)
cfi=(144)
cfn=(942)
calls=5 -59 
* 104
fe=(237)
+60 15
+2 25
-1 5
+1 35
-1 9
+1 141
+1 26
+1 26
cfi=(225)
cfn=(960)
calls=13 947 
* 117
-1 106
+1 106
cfi=(225)
cfn=(960)
calls=53 947 
* 477
* 132
+1 294
cfi=(230)
cfn=(948)
calls=42 -46 
* 6491
+1 210
-4 330
-2 81
+11 35
-17 15
+19 30
+1 15
-1 54
+1 92
+1 54
-1 156
+2 96
+2 96
-2 36
+2 36
+1 26
cfi=(225)
cfn=(958)
calls=13 967 
* 78
* 26
+1 143
-84 26
+1 26
+77 7
+1 7
-1 21
-3 110
399 14
cfi=(183)
cfn=(770)
calls=7 140 
* 4548
* 7
57 52
+82 26
+1 22
+2 42
cfi=(230)
cfn=(948)
calls=6 -64 
* 864
-9 6
+10 6
-1 6
-9 6
+10 36
+3 5
-1 5
+1 5
+2 40
-14 5
+14 20
-15 20
+46 10
-2 5
+2 5
-2 15
+3 5
+1 25
+1 15
-2 9
+1 45
+1 157
+1 63
-1 321
+2 132
+2 132
+1 9
cfi=(225)
cfn=(958)
calls=3 967 
* 18
* 9
-5 6
+1 3
-1 12
-3 81
428 20
-11 15
+20 20
-3 12
cfi=(230)
cfn=(970)
calls=4 106 
* 2398
+1 8
cfi=(183)
cfn=(770)
calls=4 140 
* 1655
+1 8
cfi=(183)
cfn=(770)
calls=4 140 
* 2819
+1 8
190 26
+6 12
55 6
196 6
55 3
+1 2
190 12
+4 30
55 12
+1 2
194 1
+1 1
-1 4
57 10
196 2
-14 6
-52 4
419 15
cfi=(236)
cfn=(1030)
calls=5 264 
* 2165
* 5
+6 40
133 15

fl=(230)
fn=(970)
106 52
+1 156
cfi=(207)
cfn=(936)
calls=52 +61 
* 30117

fn=(950)
17 5308
+3 5308
+3 26540
+1 26540
+1 15924
+3 5308

fn=(946)
95 104
+1 52
-1 52
+1 104
cfi=(207)
cfn=(784)
calls=52 -78 
* 44155
+1 52
-1 52
+2 104

fn=(948)
78 70114
+2 12748
+3 7410
-38 8140
+17 14245
-17 2035
+17 2035
cfi=(207)
cfn=(812)
calls=2035 +35 
* 216014
* 18683
-17 2669
+17 2669
cfi=(207)
cfn=(812)
calls=2669 +35 
* 283834
* 9408
+5 4704
+19 50992
-21 604
+1 2416
-1 1812
+1 1208
cfi=(207)
cfn=(816)
calls=604 -14 
* 140877
* 604
+19 3340
-40 8007
+1 10676

fl=(236)
fn=(1042)
107 7
+1 7
fi=(231)
-62 7
fe=(236)
+61 7
fi=(231)
-61 49
fe=(236)
+63 7

fn=(1030)
264 100
+1 10
+3 10
+2 10
-2 20
+6 10
+3 10
-4 10
+10 10
-9 10
-1 10
+10 10
-9 10
+5 10
-2 10
+1 10
+1 10
-2 10
+6 10
cob=(3)
cfi=(144)
cfn=(788)
calls=10 0 
* 2107
+1 10
-1 10
+1 185
+14 60
-11 20
+2 82
-2 244
+2 223
+1 10
+1 10
+1 10
-3 20
-2 10
+8 10
cob=(3)
cfi=(144)
cfn=(692)
calls=10 0 
* 889
+3 10
+3 10
-3 10
+1 10
+2 80

fn=(1002)
196 220
+1 22
-1 22
+1 22
+2 22
-2 22
-1 44
+3 44
cfi=(183)
cfn=(622)
calls=22 69 
* 4988
+2 44
-4 22
+2 22
+2 154
+1 198
+1 110
+2 44
-4 126
+1 567
+1 315
+2 126
-2 425
+2 170
fi=(231)
46 680
fe=(236)
205 170
-3 510
-1 721
+41 198
-35 30
-67 10
+3 10
+65 10
-1 10
-67 10
+3 30
+64 10
+1 10
+1 10
+1 10
-67 10
cfi=(183)
cfn=(622)
calls=10 -74 
* 230
+1 10
-1 10
+1 40
cfi=(183)
cfn=(622)
calls=10 -75 
* 230
+1 40
-1 10
+1 10
cfi=(183)
cfn=(622)
calls=10 -76 
* 230
fi=(214)
-86 30
fe=(236)
+86 10
fi=(214)
-86 10
cob=(3)
cfi=(144)
cfn=(942)
calls=10 -59 
* 176
* 40
cob=(3)
cfi=(144)
cfn=(942)
calls=10 -59 
* 160
* 40
cob=(3)
cfi=(144)
cfn=(942)
calls=10 -59 
* 199
fe=(236)
+91 110
+2 10
+1 20
-1 49
+1 441
-1 49
+1 98
-1 10
+1 118
-3 246
+7 70
cfi=(183)
cfn=(622)
calls=10 -88 
* 230
+4 30
-4 10
+4 40
+1 10
-1 10
+1 30
+4 85
+1 34
+1 102
+2 5
-1 5
+1 10
-4 39
+1 2
+1 12
+2 2
-1 2
+1 4
-4 6
-2 51
+13 40
-1 10
+1 10
-1 20
+2 199
-1 177
+38 80
cfi=(183)
cfn=(622)
calls=10 69 
* 230
fi=(214)
29 10
fe=(236)
216 10
fi=(214)
29 10
fe=(236)
215 20
fi=(214)
29 20
cob=(3)
cfi=(144)
cfn=(690)
calls=10 -29 
* 130
fe=(236)
220 40
cfi=(183)
cfn=(622)
calls=10 69 
* 230
fi=(214)
59 40
cob=(3)
cfi=(144)
cfn=(942)
calls=10 -59 
* 176
fe=(236)
222 30
fi=(214)
59 10
fe=(236)
222 185
+3 130
+1 40
+2 60
+1 40
-3 14
+2 21
+1 68
-1 27
+1 78
-4 51
-18 20
+26 20
+2 10
-10 10
+10 20
-10 20

fn=(996)
49 242
+1 22
+1 22
-2 22
+1 22
+1 88
cfi=(183)
cfn=(622)
calls=22 +18 
* 506
fi=(231)
-21 22
fe=(236)
+21 22
fi=(231)
-21 22
fe=(236)
+24 110
fi=(214)
+5 126
fe=(236)
-5 126
fi=(214)
+5 63
cob=(3)
cfi=(144)
cfn=(942)
calls=63 -59 
* 1008
fe=(236)
+5 189
-10 148
fi=(231)
-24 66
cfi=(183)
cfn=(622)
calls=22 +39 
* 506
fi=(214)
+29 66
fi=(231)
-29 22
fi=(214)
+29 22
cob=(3)
cfi=(144)
cfn=(942)
calls=22 -59 
* 352
fi=(231)
-29 66
cfi=(183)
cfn=(622)
calls=22 +39 
* 506
fi=(214)
+29 88
cob=(3)
cfi=(144)
cfn=(942)
calls=22 -59 
* 352
* 44
fe=(236)
+17 178
-2 12
+26 96
-21 12
+5 36
-7 108
+3 12
+1 60
-5 17
-2 17
+26 136
-21 17
+5 51
-7 153
+3 17
+1 85
-2 125
+5 375
-7 1125
+3 125
+1 625
-1 1118
+1 11950
+1 410
fi=(231)
-26 154
fi=(214)
-27 154
fi=(231)
+27 154
fi=(214)
-27 154
cob=(3)
cfi=(144)
cfn=(690)
calls=154 -29 
* 2002
* 154
fe=(236)
+55 154
-4 308
+4 51
-4 7324
-1 5088
+13 924
-16 616
-3 145
+32 198
-18 204
+1 306
-1 204
+1 256
fi=(214)
-59 770
cob=(3)
cfi=(144)
cfn=(690)
calls=154 -29 
* 2002
fi=(231)
+9 770
+22 308
-22 462
+22 770
+1 616
-1 273
+1 462
fi=(214)
-32 252
cob=(3)
cfi=(144)
cfn=(690)
calls=63 -29 
* 819
fe=(236)
+71 63
fi=(231)
-43 126
fe=(236)
+7 44
-10 44
+10 44
-10 22
+10 66
-10 22
fi=(231)
-24 66
cfi=(183)
cfn=(622)
calls=22 +39 
* 506
* 189
cfi=(183)
cfn=(622)
calls=63 +39 
* 1449
fi=(214)
+29 170
fi=(231)
-29 85
fi=(214)
+29 85
cob=(3)
cfi=(144)
cfn=(942)
calls=85 -59 
* 1360
fe=(236)
-4 85
fi=(214)
+4 85
fe=(236)
-4 170
+1 170
fi=(231)
-18 22
fe=(236)
+16 90

fl=(229)
fn=(1080) machExtract
318 12888
+2 1074
-2 3222
+2 1074
+5 2148
-5 1074
+5 1074
-5 2148
+2 2148
+3 1074
-5 1074
+5 2148
-5 1074
+5 1074
cfi=(243)
cfn=(1082)
calls=1074 57 
* 43464
+1 10166
+3 5370
cfi=(243)
cfn=(1066)
calls=1074 90 
* 14732
+1 4972
+3 5370
cfi=(243)
cfn=(1084)
calls=1074 143 
* 20006
+1 9172
+4 5370
cfi=(243)
cfn=(1068)
calls=1074 118 
* 13860
+1 4776
+1 11814

fn=(944)
258 60
+1 30
-1 300
+6 60
-6 90
+1 120
+5 30
cfi=(230)
cfn=(946)
calls=30 95 
* 26323
+1 150
+1 30
+1 60
-1 60
-1 30
+1 30
+1 150
cfi=(230)
cfn=(948)
calls=30 78 
* 9501
-1 614
+1 1228
-1 1228
-1 614
+1 614
+1 3070
cfi=(230)
cfn=(948)
calls=614 78 
* 116889
+1 3864
cfi=(230)
cfn=(948)
calls=644 78 
* 65484
+1 3864
cfi=(230)
cfn=(948)
calls=644 78 
* 38152
-4 1932
+10 60
-4 30
+4 60
cfi=(183)
cfn=(622)
calls=30 69 
* 690
+1 30
-1 30
+1 210
+1 30
-1 60
+1 30
-1 60
+1 93
-1 186
+1 93
-1 186
+4 30
-1 30
+1 60
-1 30
+1 210
cfn=(952) liveness_computeCore
calls=30 53 
* 284622
* 60
+2 30
+1 30
-3 60
+3 30
-3 60
+3 180
+1 360

fn=(1076)
344 26
+1 13
-1 91
60 13
344 39
60 13
344 78
+6 26
-5 13
+6 13
-1 13
+1 13
57 26
350 13
57 26
+3 13
-3 13
+3 39
-3 26
+3 13
cfi=(183)
cfn=(622)
calls=13 +9 
* 299
+1 26
-1 13
+1 13
cfi=(183)
cfn=(622)
calls=13 +8 
* 299
+1 26
-1 13
+1 13
cfi=(183)
cfn=(622)
calls=13 +7 
* 299
+1 26
-1 13
+1 13
cfi=(183)
cfn=(622)
calls=13 +6 
* 299
+3 13
+2 13
-5 13
+5 13
-2 26
+2 52
cfi=(183)
cfn=(622)
calls=13 +1 
* 299
fi=(214)
-9 52
cob=(3)
cfi=(144)
cfn=(942)
calls=13 -59 
* 294
fe=(229)
+14 39
fi=(214)
-14 13
fi=(231)
-29 26
fe=(229)
+43 156
+4 117
-2 13
-1 13
-1 26
+1 13
-1 26
+2 13
+1 13
-1 13
+1 13
+1 13
-4 13
+3 13
+1 26
-4 26
+2 18
-1 18
-1 36
+1 18
-1 36
+2 18
+1 18
-1 18
+1 18
+1 18
-4 18
+3 18
+1 36
-4 62
fi=(231)
-35 182
fe=(229)
+47 217
+1 217
cfn=(1080)
calls=31 318 
* 3937
* 3542
cfn=(1080)
calls=506 318 
* 87246
+5 1611
fi=(231)
-45 1708
fe=(229)
+46 427
fi=(231)
-46 2989
fe=(229)
+46 1048
fi=(231)
-46 1358
fe=(229)
+46 388
fi=(231)
-54 576
fe=(229)
+53 1863
+5 1611
+1 438
fi=(231)
-59 3066
fe=(229)
+58 876
+1 13
fi=(231)
-59 78
fe=(229)
+58 26
+1 13
fi=(231)
-59 78
fe=(229)
+58 26
+1 12
fi=(231)
-59 72
fe=(229)
+58 24
+1 12
fi=(231)
-59 72
fe=(229)
+58 24
+1 12
fi=(231)
-59 72
fe=(229)
+58 24
+1 12
fi=(231)
-59 72
fe=(229)
+58 24
+1 12
fi=(231)
-59 72
fe=(229)
+58 24
+1 12
fi=(231)
-59 72
fe=(229)
+58 24
-11 1611
-3 207
fi=(231)
-52 78
cfi=(183)
cfn=(622)
calls=13 +39 
* 299
fi=(214)
+29 39
fi=(231)
-29 13
fi=(214)
+29 13
cob=(3)
cfi=(144)
cfn=(942)
calls=13 -59 
* 208
fe=(229)
+51 91
fi=(231)
-33 403
fe=(229)
+30 13
-30 65
fi=(231)
-25 13
fi=(214)
+7 26
fi=(231)
-7 13
fi=(214)
+7 13
cob=(3)
cfi=(144)
cfn=(942)
calls=13 -59 
* 208
fi=(231)
+18 14
fe=(229)
+30 14
-30 70
fi=(231)
-25 14
fi=(214)
+7 28
fi=(231)
-7 14
fi=(214)
+7 14
cob=(3)
cfi=(144)
cfn=(942)
calls=14 -59 
* 224
fi=(231)
-7 40
fi=(214)
+7 80
fi=(231)
-7 40
fi=(214)
+7 40
cob=(3)
cfi=(144)
cfn=(942)
calls=40 -59 
* 640
fe=(229)
+57 268
+1 134
-1 67
+1 214
fi=(231)
-50 40
fe=(229)
+51 80
fi=(231)
-51 640
fe=(229)
+48 402
fi=(231)
-38 469
+6 402
-23 201
+1 268
-1 111
+1 201
fi=(214)
-32 90
cob=(3)
cfi=(144)
cfn=(690)
calls=30 -29 
* 390
fe=(229)
+99 30
-18 201
-4 133
360 13
157 39
360 13
157 13
360 13
157 39
cfi=(183)
cfn=(622)
calls=13 -88 
* 299
+1 13
-1 26
+1 78
cfi=(183)
cfn=(622)
calls=13 -89 
* 299
fi=(214)
-99 52
cob=(3)
cfi=(144)
cfn=(942)
calls=13 -59 
* 715
fe=(229)
163 104
+1 13
-1 26
+1 13
-1 26
+1 524
-1 1048
+1 524
-1 1048
+6 65
cfi=(183)
cfn=(622)
calls=13 69 
* 299
* 13
+3 13
-3 13
+3 117
fi=(231)
42 143
+14 13
fi=(214)
-27 39
fi=(231)
+27 13
fi=(214)
-27 13
cob=(3)
cfi=(144)
cfn=(690)
calls=13 -29 
* 169
fi=(231)
+27 18
fi=(214)
-27 54
fi=(231)
+27 18
fi=(214)
-27 18
cob=(3)
cfi=(144)
cfn=(690)
calls=18 -29 
* 234
fe=(229)
177 496
fi=(214)
29 186
cob=(3)
cfi=(144)
cfn=(690)
calls=31 -29 
* 403
* 3036
cob=(3)
cfi=(144)
cfn=(690)
calls=506 -29 
* 6578
fe=(229)
181 3759
cfn=(1080)
calls=537 318 
* 91183
+9 2049
fi=(231)
42 3066
fe=(229)
190 889
fi=(231)
42 91
fe=(229)
190 39
fi=(231)
42 91
fe=(229)
190 38
fi=(231)
42 84
fe=(229)
190 36
fi=(231)
42 84
fe=(229)
190 36
fi=(231)
42 84
fe=(229)
190 36
fi=(231)
42 84
fe=(229)
190 36
fi=(231)
42 84
fe=(229)
190 36
fi=(231)
42 84
fe=(229)
190 24
+1 2038
fi=(231)
38 2562
fe=(229)
191 962
fi=(231)
38 648
fe=(229)
191 230
fi=(231)
38 84
fe=(229)
191 40
fi=(231)
38 72
fe=(229)
191 36
fi=(231)
38 72
fe=(229)
191 36
fi=(231)
38 72
fe=(229)
191 36
fi=(231)
38 72
fe=(229)
191 36
fi=(231)
38 72
fe=(229)
191 36
fi=(231)
38 72
fe=(229)
191 24
-14 1673
-5 163
363 260
+1 156
fi=(231)
77 603
+6 402
fe=(229)

fn=(952)
53 150
+7 30
-7 30
+4 30
+3 30
-7 240
+7 30
-7 180
+4 30
+3 30
-3 30
+3 90
-3 30
+4 30
-4 60
+9 30
-6 30
cfi=(183)
cfn=(622)
calls=30 +9 
* 690
+1 60
-1 30
+1 30
cfi=(183)
cfn=(622)
calls=30 +8 
* 690
+1 60
-1 30
+1 30
cfi=(183)
cfn=(622)
calls=30 +7 
* 690
+1 30
+5 30
-5 30
+5 30
-6 30
+1 30
cfi=(183)
cfn=(622)
calls=30 +6 
* 690
+5 30
-5 30
+5 120
cfi=(183)
cfn=(622)
calls=30 +1 
* 690
fi=(214)
-9 120
cob=(3)
cfi=(144)
cfn=(942)
calls=30 -59 
* 871
fe=(229)
+14 60
fi=(214)
-14 30
fi=(231)
-29 30
fe=(229)
+43 30
fi=(231)
-43 30
fe=(229)
+43 30
+4 660
-2 30
-1 30
-1 60
+1 30
-1 60
+2 30
+1 30
-1 30
+1 30
+1 30
-4 30
+3 30
+1 60
-4 60
+2 93
-1 93
-1 186
+1 93
-1 186
+2 93
+1 93
-1 93
+1 93
+1 93
-4 93
+3 93
+1 186
-4 246
fi=(231)
-35 420
fe=(229)
+44 738
+1 406
+2 959
+1 944
cfn=(956) irExtract
calls=118 226 
* 27447
* 4208
cfn=(956)
calls=526 226 
* 177847
+5 1932
fi=(231)
-45 1592
fe=(229)
+46 398
fi=(231)
-46 2786
fe=(229)
+46 946
fi=(231)
-46 1050
fe=(229)
+46 300
fi=(231)
-54 1255
fe=(229)
+53 1644
+5 1932
+1 356
fi=(231)
-59 2492
fe=(229)
+58 712
-11 2258
fi=(231)
-55 150
cfi=(183)
cfn=(622)
calls=30 +39 
* 690
fi=(214)
+29 90
fi=(231)
-29 30
fi=(214)
+29 30
cob=(3)
cfi=(144)
cfn=(942)
calls=30 -59 
* 480
fe=(229)
+51 660
fi=(231)
-33 360
fe=(229)
+30 30
-30 90
fi=(231)
* 39
fe=(229)
+30 39
-30 117
+33 716
+1 966
fi=(231)
-59 302
fi=(214)
+7 1208
fi=(231)
-7 302
fi=(214)
+7 604
cob=(3)
cfi=(144)
cfn=(942)
calls=302 -59 
* 4832
fe=(229)
+57 2114
+1 2216
-2 1070
+1 302
+1 604
-2 660
fi=(231)
-38 2416
+6 3020
-23 1208
+1 1208
-1 537
+1 906
fi=(214)
-32 246
fe=(229)
+81 246
fi=(214)
-81 492
cob=(3)
cfi=(144)
cfn=(690)
calls=123 -29 
* 1599
fi=(231)
+28 246
fe=(229)
+71 123
fi=(231)
-71 123
fe=(229)
+53 271
-4 237
+27 330
+1 360
fi=(231)
-57 3020
fe=(229)
+41 933
fi=(231)
-51 5909
+16 604
fe=(229)

fn=(956)
226 1288
+2 644
-2 1932
+2 644
-2 644
+2 644
-2 4508
+2 1288
+1 1288
-1 644
+4 1288
cfi=(225)
cfn=(958)
calls=644 967 
* 3864
* 1288
+4 580
cfi=(225)
cfn=(958)
calls=290 967 
* 1740
* 580
+9 996
cfi=(225)
cfn=(960)
calls=498 947 
* 4482
* 996
+6 1288
cfi=(225)
cfn=(960)
calls=644 947 
* 5796
* 1288
+4 5152
-22 2478
cfi=(230)
cfn=(948)
calls=354 78 
* 53448
+1 2478
+2 708
cfi=(225)
cfn=(958)
calls=354 967 
* 2124
* 850
+1 994
cfi=(230)
cfn=(948)
calls=142 78 
* 22108
* 28
cfi=(230)
cfn=(948)
calls=4 78 
* 572
+1 1022
+7 292
cfi=(225)
cfn=(960)
calls=146 947 
* 1314
* 316
cfi=(225)
cfn=(958)
calls=8 967 
* 48
* 560
cfi=(225)
cfn=(958)
calls=280 967 
* 1680
* 576
+1 336
cfi=(230)
cfn=(948)
calls=48 78 
* 7048
+1 384
+4 712
cfi=(225)
cfn=(958)
calls=356 967 
* 2136
* 712
+1 2492
cfi=(230)
cfn=(948)
calls=356 78 
* 54168
+1 2492
+2 356

fl=(218)
fn=(852)
563 1
+1 2
-1 8
+4 6
+11 4
-11 6
+1 26
+1 26
+2 39
+2 22
+1 33
cfn=(854) rewriteStmt
calls=11 468 
* 252217
+1 22
+1 22
-9 11
+9 11
-9 33
+17 8
-4 6

fn=(862) flattenChain
244 584
+1 511
+2 438
cfn=(863) flattenChain'2
calls=73 -3 
* 71613
+1 511
cfn=(863)
calls=73 -4 
* 3484
39 146
cob=(3)
cfi=(144)
cfn=(692)
calls=73 -39 
* 6813
257 73
40 73
257 292
40 73
cob=(3)
cfi=(144)
cfn=(692)
calls=73 -40 
* 6979

fn=(863)
244 4224
+1 1056
+6 337
+2 337
-2 674
+4 1011
+2 2022
-12 965
+2 1146
cfn=(863)
calls=191 -3 
* 109039
+1 1337
cfn=(863)
calls=191 -4 
* 58419
39 382
cob=(3)
cfi=(144)
cfn=(692)
calls=191 -39 
* 19473
257 191
40 191
257 764
40 191
cob=(3)
cfi=(144)
cfn=(692)
calls=191 -40 
* 19765
252 437
+1 73
cob=(3)
cfi=(144)
cfn=(750)
calls=73 0 
* 5329
-1 36
+1 36
cob=(3)
cfi=(144)
cfn=(750)
calls=36 0 
* 14540
+2 109
-2 327
-1 36
+1 108

fn=(860) containsFloatLiteral
222 146
+1 219
+1 219
-3 657
+4 73
-3 146
+3 73
-3 146
+1 292
+1 594
+1 39
-3 78
+3 41
-3 82
+1 160
+1 460
+1 44
-3 88
+3 42
-3 84
+1 172
+1 658
+1 50
-3 100
+3 50
-3 100
+1 200
+1 795
+1 55
-3 110
+3 55
-3 110
+1 220
+1 426
+1 24
-3 48
+3 24
-3 48
+1 96
+1 2574
+3 73
-5 73
+5 511

fn=(854)
468 22
-1 99
+3 77
+5 11
+82 88
-79 11
+1 11
-1 11
+3 22
+18 22
cob=(3)
cfi=(144)
cfn=(692)
calls=11 0 
* 978
+1 11
-19 44
cob=(3)
cfi=(144)
cfn=(620)
calls=11 0 
* 1415
+1 11
-1 11
+2 22
+3 22
+1 33
cfn=(855) rewriteStmt'2
calls=11 -19 
* 12893
* 303
cfn=(855)
calls=101 -19 
* 232322
* 112
+1 224
+2 222
+6 330
cfi=(195)
cfn=(748)
calls=110 23 
* 2310
-10 347
+6 5
+1 3
-1 1
+1 1
cfi=(195)
cfn=(748)
calls=1 23 
* 21
-1 2
39 2
cob=(3)
cfi=(144)
cfn=(692)
calls=1 -39 
* 87
+1 2
cob=(3)
cfi=(144)
cfn=(692)
calls=1 -40 
* 108
* 1

fn=(855)
468 288
-1 1296
+3 1015
+81 336
cfn=(856) rewriteExpr
calls=84 357 
* 231451
* 84
+1 84
-77 84
+82 672
-82 59
+82 480
-79 11
+1 11
-1 11
+3 22
+18 22
cob=(3)
cfi=(144)
cfn=(692)
calls=11 0 
* 999
+1 11
-27 120
+31 16
cfn=(856)
calls=4 357 
* 1218
+1 4
-1 4
+1 4
17 8
+1 16
fi=(221) /usr/include/x86_64-linux-gnu/bits/stdlib-float.h
+9 3
cob=(3)
cfi=(144)
cfn=(882)
calls=1 -27 
* 172
fe=(218)
510 1
+1 1
-1 1
+1 1
+2 1
-2 1
+2 4
+1 1
-1 1
+3 2
cfi=(195)
cfn=(878)
calls=1 73 
* 139
+1 4
cfi=(195)
cfn=(878)
calls=1 73 
* 972
39 2
cob=(3)
cfi=(144)
cfn=(692)
calls=1 -39 
* 108
+1 2
cob=(3)
cfi=(144)
cfn=(692)
calls=1 -40 
* 108
520 4
+15 24
cfn=(856)
calls=6 357 
* 674
* 6
+1 12
17 12
+1 24
fi=(221)
+9 3
cob=(3)
cfi=(144)
cfn=(882)
calls=1 -27 
* 172
* 1
fe=(218)
539 4
+5 15
cfn=(855)
calls=5 -76 
* 21981
* 5
+1 15
-21 9
cfn=(855)
calls=3 -56 
* 1538
+1 3
-1 3
+1 6
+2 6
+1 8
cfn=(855)
calls=2 -60 
* 2239
* 2
+1 6
-48 44
cob=(3)
cfi=(144)
cfn=(620)
calls=11 0 
* 1752
+1 11
-1 11
+2 22
+3 22
+1 33
cfn=(855)
calls=11 -19 
* 6727
* 33
cfn=(855)
calls=11 -19 
* 16556
* 22
+1 44
+2 44
+6 66
cfi=(195)
cfn=(748)
calls=22 23 
* 462
-10 77
+54 2
cfi=(195)
cfn=(878)
calls=1 73 
* 1704
-72 2

fn=(856)
357 940
+1 188
+2 890
+70 216
cfn=(857) rewriteExpr'2
calls=72 -73 
* 2617
+1 72
-1 72
+1 216
cfn=(857)
calls=72 -74 
* 64537
* 72
-66 72
+81 216
-81 22
+81 818
-66 36
cfn=(857)
calls=12 -23 
* 141888
+1 12
-1 12
+1 36
cfn=(857)
calls=12 -24 
* 1016
+6 12
-6 12
+1 12
+5 12
-5 12
+1 12
17 24
+1 48
393 20
-74 48
+1 6
+1 6
cfn=(860)
calls=3 -99 
* 913
* 6
+3 3
+5 9
-5 3
+5 3
-3 3
+3 3
-2 6
+2 3
cfn=(862)
calls=3 -85 
* 8620
+1 18
-56 114
+3 9
+1 9
17 18
277 16
+1 16
17 32
+1 100
292 25
+1 25
-1 50
+1 50
-1 25
cfi=(195)
cfn=(712)
calls=25 8 
* 3875
+2 25
-2 25
+2 50
cfi=(195)
cfn=(748)
calls=25 23 
* 3752
+1 75
cfi=(195)
cfn=(748)
calls=25 23 
* 525
+1 25
-20 118
+23 36
17 6
319 16
+73 48
+1 36
17 12
393 30
17 6
fi=(213)
488 4
cob=(3)
cfi=(144)
cfn=(802)
calls=1 0 
* 108
fe=(218)
26 2
-9 2
332 3
-30 3
+30 3
cob=(3)
cfi=(144)
cfn=(692)
calls=3 0 
* 280
+1 3
-34 24

fn=(857)
357 3800
+1 760
+2 2470
+5 375
+81 4180
-11 48
+1 72
-1 24
+1 48
cfn=(857)
calls=24 -79 
* 3481
* 24
-1 58
+5 42
cfn=(857)
calls=14 -83 
* 706
* 14
+1 14
-61 258
cfn=(857)
calls=86 -23 
* 789384
+1 86
-1 86
+1 258
cfn=(857)
calls=86 -24 
* 7327
+6 86
-6 86
+1 86
+5 86
-5 86
+1 86
17 172
+1 344
-1 2
+1 4
387 4
cfn=(864) foldBinopLiterals
calls=1 106 
* 932
+1 2
+5 70
17 20
319 344
+1 140
+1 140
cfn=(860)
calls=70 -99 
* 9342
* 140
+3 70
+5 210
-5 70
+5 70
-3 70
+3 70
-2 140
+2 70
cfn=(862)
calls=70 -85 
* 82970
+1 420
-56 1652
+3 126
+1 126
17 252
277 113
+1 113
17 226
+1 956
292 239
+1 239
-1 478
+1 478
-1 239
cfi=(195)
cfn=(712)
calls=239 8 
* 37141
+2 239
-2 239
+2 478
cfi=(195)
cfn=(748)
calls=239 23 
* 34088
+1 717
cfi=(195)
cfn=(748)
calls=239 23 
* 5019
+1 239
-20 1208
+23 528
+69 6
cfn=(857)
calls=2 -11 
* 58
* 2
+1 4
17 10
374 6
+14 6
cfi=(195)
cfn=(878)
calls=3 73 
* 1095
* 6
17 134
319 276
+73 340
+1 255
17 272
fi=(213)
488 108
cob=(3)
cfi=(144)
cfn=(802)
calls=27 0 
* 3139
fe=(218)
26 54
-9 54
393 24
-20 4
192 4
fi=(213)
488 6
fi=(184)
54 2
fi=(213)
488 2
cob=(3)
cfi=(144)
cfn=(802)
calls=2 0 
* 216
fi=(184)
54 18
cob=(3)
cfi=(144)
cfn=(870)
calls=2 -54 
* 992
fe=(218)
195 8
cfi=(195)
cfn=(712)
calls=2 8 
* 310
* 2
17 8
fi=(213)
488 8
cob=(3)
cfi=(144)
cfn=(802)
calls=2 0 
* 216
fe=(218)
26 4
+13 4
cob=(3)
cfi=(144)
cfn=(692)
calls=2 -39 
* 12
+1 4
cob=(3)
cfi=(144)
cfn=(692)
calls=2 -40 
* 214
-1 4
cob=(3)
cfi=(144)
cfn=(692)
calls=2 -39 
* 216
+1 4
cob=(3)
cfi=(144)
cfn=(692)
calls=2 -40 
* 216
395 4
17 4
332 70
-30 70
+30 70
cob=(3)
cfi=(144)
cfn=(692)
calls=70 0 
* 6799
+1 70
-34 272
fi=(213)
488 8
cob=(3)
cfi=(144)
cfn=(802)
calls=2 0 
* 216
fe=(218)
26 4
-9 6
fi=(213)
488 4
cob=(3)
cfi=(144)
cfn=(802)
calls=1 0 
* 108
fe=(218)
26 2
-9 2
418 2

fn=(864)
106 7
+1 1
-1 4
-89 6
+92 3
+3 10
+24 2
+8 2
22 1
158 2
+20 9
17 4
fi=(184)
+37 8
cob=(3)
cfi=(144)
cfn=(870)
calls=1 -54 
* 486
fe=(218)
166 4
cfi=(195)
cfn=(712)
calls=1 8 
* 155
* 1
fi=(213)
488 3
cob=(3)
cfi=(144)
cfn=(802)
calls=1 0 
* 108
* 5
cob=(3)
cfi=(144)
cfn=(802)
calls=1 0 
* 108
fe=(218)
161 1
-1 2

fl=(195)
fn=(878)
73 7
+1 14
-1 56
+4 7
+4 7
-4 20
+1 6
-4 12
+4 14
-4 28
+3 20
+4 20
-4 66
+1 13
-4 26
+4 22
-4 44
+3 35
+4 35
-4 122
+1 13
-4 26
+4 101
-4 202
+3 114
+4 114
-4 516
+1 72
-4 144
+4 8
-4 16
+3 80
+4 80
-4 376
+1 72
-4 144
+4 73
-4 146
+3 145
+4 145
-4 546
+1 128
-4 128
+4 80
-4 80
+3 104
+4 104
-4 360
+1 38
-4 76
+4 45
-4 90
+3 83
+4 83
-4 262
+1 24
-4 48
+4 17
-4 34
+3 164
+1 58
-1 29
+1 29
cfn=(879) freeAST'2
calls=29 -5 
* 7280
-1 58
+4 82
cob=(3)
cfi=(144)
cfn=(692)
calls=41 -81 
* 1776
+3 82
cob=(3)
cfi=(144)
cfn=(692)
calls=41 -84 
* 4428
-7 41
+4 41
-4 219
+4 24
cob=(3)
cfi=(144)
cfn=(692)
calls=24 -81 
* 2592
-4 59
+4 59
cob=(3)
cfi=(144)
cfn=(692)
calls=59 -81 
* 354
+3 166
cob=(3)
cfi=(144)
cfn=(692)
calls=83 -84 
* 8964
-7 166
+4 83
-4 325
+4 38
cob=(3)
cfi=(144)
cfn=(692)
calls=38 -81 
* 4104
* 66
cob=(3)
cfi=(144)
cfn=(692)
calls=66 -81 
* 396
+3 208
cob=(3)
cfi=(144)
cfn=(692)
calls=104 -84 
* 11232
-7 208
+4 104
-4 608
+4 64
cob=(3)
cfi=(144)
cfn=(692)
calls=64 -81 
* 6912
-4 81
+4 81
cob=(3)
cfi=(144)
cfn=(692)
calls=81 -81 
* 486
+3 290
cob=(3)
cfi=(144)
cfn=(692)
calls=145 -84 
* 15660
-7 145
+4 145
-4 507
+4 72
cob=(3)
cfi=(144)
cfn=(692)
calls=72 -81 
* 7776
* 8
cob=(3)
cfi=(144)
cfn=(692)
calls=8 -81 
* 48
+3 160
cob=(3)
cfi=(144)
cfn=(692)
calls=80 -84 
* 8640
-7 80
+4 80
-4 384
+4 72
cob=(3)
cfi=(144)
cfn=(692)
calls=72 -81 
* 7776
* 42
cob=(3)
cfi=(144)
cfn=(692)
calls=42 -81 
* 252
+3 228
cob=(3)
cfi=(144)
cfn=(692)
calls=114 -84 
* 12312
-7 114
+4 114
-4 381
+4 13
cob=(3)
cfi=(144)
cfn=(692)
calls=13 -81 
* 1632
* 22
cob=(3)
cfi=(144)
cfn=(692)
calls=22 -81 
* 132
+3 70
cob=(3)
cfi=(144)
cfn=(692)
calls=35 -84 
* 3780
-7 35
+4 35
-4 118
+4 13
cob=(3)
cfi=(144)
cfn=(692)
calls=13 -81 
* 1402
* 7
cob=(3)
cfi=(144)
cfn=(692)
calls=7 -81 
* 42
+3 40
cob=(3)
cfi=(144)
cfn=(692)
calls=20 -84 
* 2076
-7 20
+4 20
-4 60
+4 7
cob=(3)
cfi=(144)
cfn=(692)
calls=7 -81 
* 680
+4 7
-1 7
+1 42
-1 7
cob=(3)
cfi=(144)
cfn=(692)
calls=7 -84 
* 735

fn=(879)
73 29
+1 58
-1 232
+4 29
+4 29
-4 62
+1 4
-4 8
+4 3
-4 6
+3 7
+4 7
-4 18
+1 2
-4 4
+4 2
-4 4
+3 4
+4 4
-4 16
+1 2
-4 4
+3 2
+4 2
-4 12
+1 2
-4 4
+4 2
-4 4
+3 4
+4 4
-4 8
+4 4
cob=(3)
cfi=(144)
cfn=(692)
calls=4 -81 
* 24
+3 8
cob=(3)
cfi=(144)
cfn=(692)
calls=4 -84 
* 432
-7 4
+4 4
-4 16
+4 2
cob=(3)
cfi=(144)
cfn=(692)
calls=2 -81 
* 216
+3 4
cob=(3)
cfi=(144)
cfn=(692)
calls=2 -84 
* 216
-7 2
+4 2
-4 12
+4 2
cob=(3)
cfi=(144)
cfn=(692)
calls=2 -81 
* 216
* 2
cob=(3)
cfi=(144)
cfn=(692)
calls=2 -81 
* 12
+3 8
cob=(3)
cfi=(144)
cfn=(692)
calls=4 -84 
* 432
-7 4
+4 4
-4 14
+4 2
cob=(3)
cfi=(144)
cfn=(692)
calls=2 -81 
* 216
* 5
cob=(3)
cfi=(144)
cfn=(692)
calls=5 -81 
* 30
+3 14
cob=(3)
cfi=(144)
cfn=(692)
calls=7 -84 
* 756
-7 7
+4 7
-4 21
+4 29
cob=(3)
cfi=(144)
cfn=(692)
calls=29 -81 
* 582
+4 29
-1 29
+1 174
-1 29
cob=(3)
cfi=(144)
cfn=(692)
calls=29 -84 
* 3132

fn=(712)
8 6615
+2 945
-2 1890
+2 945
cob=(3)
cfi=(144)
cfn=(620)
calls=945 -10 
* 140985
* 945
+5 3901
-2 605
+8 121
-8 121
+8 726
-8 4120
+8 824
-8 824
+8 4944
-6 2472
cfi=(183)
cfn=(716)
calls=824 +76 
* 61639
* 824

fn=(748)
23 1338
+2 2676
-2 5352
+2 4014
+3 1338
+3 1338
-3 2676
+8 4014
+1 5352
-7 2422
-1 595
+2 595
cob=(3)
cfi=(144)
cfn=(750)
calls=595 -31 
* 101814
-2 21
+2 21
cob=(3)
cfi=(144)
cfn=(750)
calls=21 -31 
* 7986
+5 616
-5 1848
-1 21
+2 21
-1 42

ob=(2)
fl=(222)
fn=(884)
81 2
+1 8
cfi=(223) ./stdlib/./stdlib/strtod_l.c
cfn=(886) ____strtod_l_internal
calls=2 508 
* 330

fl=(117) ./string/../sysdeps/x86_64/multiarch/strcpy.c
fn=(358) strcpy
29 1
fi=(112) ./string/../sysdeps/x86_64/multiarch/ifunc-strcpy.h
+9 2
+1 1
-1 2
+16 4
fe=(117)
-25 1

fl=(209)
fn=(910)
126 182
+1 182
+1 364
+4 182
+1 910
+5 182
+1 182
+3 182
+1 182
+2 6
+1 6
+1 6
+97 176
+1 176
+12 176
+3 176
+1 176
+12 176
+1 176
+13 176
+1 176
+2 176
+3 176
+3 352
+3 176
+1 176
+1 176
+1 176
+1 176
+1 176
+1 176
+3 176
+1 176
+1 176
+1 176
+5 176

fn=(794)
132 1173
+1 5865
+5 1173
+1 1173
+3 418
+1 418
+2 78
+1 78
+1 78
+34 57
+1 57
+2 57
+60 340
+1 340
+12 340
+3 340
+1 340
+12 283
+1 283
+13 283
+1 283
+2 283
+3 179
+3 358
+3 179
+1 179
+1 179
+1 179
+1 179
+1 179
+1 179
-6 328
+1 328
+1 328
+1 328
+1 328
+1 328
+1 328
+3 283
+1 283
+1 283
+1 283
+5 283
+34 755
+2 755
+1 755
+1 52
+1 52
+1 14
+1 14
+1 10
+1 10
+2 10
+31 703
+1 703
+2 703
+11 38
+1 38
+2 38
+11 4
+1 4
+2 4

fl=(90) ./debug/../sysdeps/x86_64/multiarch/mempcpy_chk.c
fn=(300) __mempcpy_chk
29 1
fi=(91) ./debug/../sysdeps/x86_64/multiarch/ifunc-memmove.h
+28 3
-1 2
+4 3
+14 2
+29 2
+10 4
fe=(90)
-84 1
fi=(91)
+79 3
fe=(90)

fl=(116) ./wcsmbs/../sysdeps/x86_64/multiarch/wmemset.c
fn=(356) wmemset
31 2
fi=(266) ./wcsmbs/../sysdeps/x86_64/multiarch/ifunc-wmemset.h
+5 10
fe=(116)
-5 2

fl=(162)
fn=(540) _int_malloc
3846 27951
1326 5082
+19 15220
3887 5030
1794 2515
3914 5030
+65 3636
-63 7272
+3 1818
+2 3636
+2 566
-6 283
+9 566
+1 1415
+5 566
+1 566
+7 283
-1 566
+1 1415
+5 566
3165 283
3945 283
+1 803
+5 1818
3165 303
-2 303
+4 303
-2 303
3945 303
3163 303
+3 303
+1 303
3946 1524
+2 606
+2 606
+27 1394
+62 4395
+1 1320
+20 2121
-1 2121
-1 2121
+1 4242
+1 4242
-2 4240
+12 10605
-1 1408
+4 1408
+1 704
+2 1408
-3 754
+1 377
+2 754
+1 3243
+2 1081
+1 4324
+2 4324
-10 1081
+12 2162
+1 2162
+2 2162
+11 3454
+29 756
+1 756
+4 1512
+29 1338
+8 2122
+1 126
+1 126
-1 126
+4 252
-4 110
+1 110
-1 110
+4 220
+5 21
-2 21
+2 63
+1 42
+7 1
-1 4
+2 3
3887 52
+27 52
+66 1818
+2 1818
-2 1818
+2 3636
+2 137
+1 274
+6 137
-4 137
+1 137
+1 137
+2 274
+7 548
-1 274
+1 274
+5 802
+1 116
+2 78
-92 78
1345 26
3919 52
+2 52
+9 4683
4041 130
cfn=(906) malloc_consolidate
calls=65 4811 
* 24735
* 65
+93 93
+1 93
-1 93
+1 186
-14 93
+19 186
+1 175
1985 1107
4487 30492
1985 137
4020 137
1985 274
4163 1004
+1 1506
+1 502
-1 502
+57 1004
+9 502
-9 1004
+9 502
-9 1506
+1 502
+1 502
+1 502
+1 502
+6 1004
-10 472
+9 236
-9 472
+9 236
-9 708
+1 236
+1 236
+1 236
+1 236
+6 472
+1 10
+1 20
+7 40
4070 2214
4246 732
+11 5346
+2 1119
+3 373
-3 373
+3 746
+1 1844
+71 5160
-4 1720
+1 1720
+1 1720
-1 1720
+1 1720
+1 3440
+1 5160
+5 7463
+16 3320
+2 6640
-4 7848
+8 604
+3 1208
+2 255
+1 255
+1 255
-2 1020
-27 255
-99 2912
3163 7
+4 7
-4 7
+2 56
+1 14
+1 7
4070 19
+74 10
-45 812
+2 325
-1 650
+27 75
+1 75
+4 150
+29 237
+8 495
4008 39
+1 39
+1 78
3159 39
4012 39
3167 39
-8 39
+4 39
4013 39
3163 39
+2 156
+1 39
+2 39
-2 39
+1 39
+1 39
4218 215
-48 215
+48 645
4343 4614
+3 5180
-3 3549
+3 4724
-3 3420
+3 4548
-3 2246
4443 1371
+1 2742
+2 2742
+3 4113
+17 16
4070 257
-91 1542
4169 104
+23 60
+1 40
+6 20
+13 20
+1 40
-44 10
+33 40
4343 167
+5 668
+1 334
+24 1396
+3 698
+2 349
+3 698
-3 698
+3 349
cfn=(778) unlink_chunk.isra.0
calls=349 1608 
* 9015
+3 1396
+15 584
-5 292
+5 584
+1 584
+3 292
+1 292
+1 292
+3 584
+1 223
+1 584
+2 248
+3 992
+2 372
+1 124
1985 124
4421 124
1985 248
4415 1344
+2 504
+1 168
1985 168
4421 168
1985 393
4421 57
1985 114
4387 57
-1 57
+1 114
4070 2
3199 2
-21 2
+4 4
+17 1
-21 1
+4 2
+8 3
-4 12
+4 3
+1 6
4248 3
4105 250
-1 250
+3 250
-1 250
+1 500
+1 750
+1 500
+2 178
+4 89
+6 89
-6 89
+7 89
-7 534
+2 267
+5 89
-4 89
+4 89
cfn=(548) alloc_perturb
calls=89 1985 
* 356
-7 161
+6 161
-6 161
+7 161
-7 966
+2 483
+5 161
-4 161
+4 161
cfn=(548)
calls=161 1985 
* 644
+1 250
2552 4
+12 4
-12 20
+12 4
4460 4299
cfn=(548)
calls=1433 1985 
* 5732
+1 1433
-9 2734
+2 2734
-1 1367
+1 1367
-3 1367
+3 1367
+2 1367
-2 5468
+2 1367
+3 2858
4266 62
+1 372
+6 124
+2 13
+1 26
+2 13
+1 26
-1 26
+1 13
cfn=(778)
calls=13 1608 
* 312
-1 49
+1 98
-1 98
+1 49
cfn=(778)
calls=49 1608 
* 1617
+3 248
+13 32
-4 16
+4 32
+1 32
+3 16
+1 16
+1 16
+1 32
+5 128
+2 48
+1 16
+3 16
2553 4
+36 12
+1 4
-1 4
+1 4
+9 34
+6 9
+3 12
2921 12
+1 4
+4 4
+4 20
+5 4
-2 4
+5 4
-3 8
-3 4
+2 4
+1 4
+1 4
-1 12
+1 4
4482 4
2669 12
+8 8
+1 12
+13 4
+2 4
-2 8
+8 20
+8 8
+48 4
+40 3
+19 2
+3 2
+1 6
+2 1
+1 5
cfi=(165) ./malloc/./malloc/morecore.c
cfn=(542) __glibc_morecore
calls=1 25 
* 33
+12 4
-12 1
+12 1
2008 4
3882 1
2873 1
+3 1
-1 1
+1 4
+12 1
-11 1
+11 2
2783 1
-1 2
2017 2
2745 1
+1 1
+6 3
-6 1
+6 3
-6 3
+6 9
-6 3
+6 15
+1 18
-44 12
cfi=(165)
cfn=(542)
calls=4 25 
* 211
+1 8
-1 4
+1 4
2008 4
2711 4
2008 12
2712 4
+3 8
+29 24
4285 46
-1 46
+1 92
+91 3

fn=(598)
3359 4945
+4 9890
-4 13098
+14 4366
-14 13098
+12 4366
+4 4366
-4 4366
+4 8732
+17 13098
fi=(163) ./malloc/./malloc/arena.c
153 13098
fe=(162)
3398 13098
cfn=(670) _int_free
calls=4366 4495 
* 349362
+3 4366
+1 26775

fn=(1018) systrim.constprop.0
2957 60
+9 30
+2 10
+1 20
+5 10
+1 10
-1 20
+4 50
+2 20
-10 3
+50 60
-33 14
cfi=(165)
cfn=(542)
calls=7 25 
* 231
* 7
+1 28
+12 21
cfi=(165)
cfn=(542)
calls=7 25 
* 357
+1 14
cfi=(165)
cfn=(542)
calls=7 25 
* 231
+2 7
+2 14
+4 14
+4 14
-1 7
+1 14
+2 14

fn=(538) tcache_init.part.0
3242 4
+9 8
+1 3
cfn=(540)
calls=1 3846 
* 359
+1 2
+8 4
+9 1
fi=(168) ./malloc/../string/bits/string_fortified.h
59 2
fe=(162)
3270 1
fi=(168)
59 86
fe=(162)
3274 3

fn=(768) _int_realloc
4914 4560
+11 2280
+1 2850
+1 2280
+6 1140
+2 1140
+1 1710
+2 2280
+3 1140
+14 37
+53 74
-53 74
+57 37
-57 37
+57 74
-2 74
+2 32
+1 16
+16 16
+1 144
-1 21
+1 4986
-79 1140
+12 1136
+12 2128
cfn=(540)
calls=532 3846 
* 72773
* 532
+1 1064
+9 532
-6 532
+1 532
+5 1064
+8 531
-1 531
fi=(168)
29 531
fe=(162)
4993 3186
fi=(168)
29 531
cob=(3)
cfi=(144)
cfn=(644)
calls=531 -29 
* 12529
fe=(162)
4997 2124
cfn=(670)
calls=531 4495 
* 36157
+2 531
+22 21
-4 21
+3 21
+5 21
-4 21
-1 21
+1 21
+3 21
+1 42
cfn=(670)
calls=21 4495 
* 2570
* 21
-60 43
-1 86
+5 108
cfn=(778)
calls=36 1608 
* 807
+44 72
-48 72
+15 1
+7 1
+19 2
-13 1
+20 2
-61 2
+1 2
-2 4
+4 8
+2 2
-2 2
+2 2
-2 4
+1 2
-1 4
+4 2
-3 2
+1 2
+2 2

fn=(906)
4811 110
+17 110
-17 550
+28 110
-28 330
+15 110
+2 110
+13 220
+1 220
-1 1980
+1 1980
+62 3300
+1 880
-31 856
+4 656
+2 328
+1 656
+1 656
+2 656
-4 100
+1 200
+1 200
+2 200
+1 12
+4 6
+2 6
-2 12
+3 6
+9 12
-12 422
+2 422
-2 844
+3 422
+9 1133
-56 856
+4 1284
+1 1712
+8 428
-3 856
+3 428
-3 428
+4 428
-4 428
+5 428
-5 428
+5 856
+2 856
+1 69
+2 69
-1 69
+2 276
+2 483
cfn=(778)
calls=69 1608 
* 1449
* 345
+3 856
+4 100
+1 300
+16 200
-16 100
cfn=(778)
calls=100 1608 
* 2133
* 400

fn=(778)
1608 937
+2 2811
-2 937
+2 1874
+3 937
+1 1874
+2 3748
-3 937
+6 937
+1 937
+1 3101
+2 432
+1 648
+3 432
+14 215
+1 215
+3 1872
-16 2
-16 1
+17 1
+15 2

fn=(790)
3699 588
+10 294
-10 2058
+10 2352
+8 588
+3 882
+2 588
+34 1470
fi=(163)
153 588
fe=(162)
3732 294
+1 294
+21 588
-21 588
+21 294
cfn=(540)
calls=294 +92 
* 51529
+2 588
+81 1320
-41 294
-12 294
+12 588
+3 1470
+8 294
+2 588
+2 588
+5 165
+2 165
-2 165
+3 330
+2 156
+2 312
+2 120
+2 240
+2 238
-73 882
+3 882
+78 129
fi=(168)
59 258
fe=(162)
3837 774
fi=(168)
59 129
cob=(3)
cfi=(144)
cfn=(792)
calls=129 -59 
* 6247
fe=(162)

fn=(548)
1985 5049
+2 1683

fn=(670)
4495 34426
+4 14754
+6 19672
+1 9836
+4 24590
+8 19672
-1 9836
+1 9836
+29 4461
-20 4461
-6 4461
+6 8922
+20 17844
1792 2815
4561 5630
+11 8560
+2 6420
1992 2140
4593 2140
1992 4280
4595 2140
+1 2140
+4 4280
+2 2140
-2 2140
+2 2140
+4 4280
+2 6420
+1 2140
+19 8180
+1 944
+29 25458
-21 1350
+3 1350
+18 675
-12 675
+12 2700
-12 675
cfn=(772) _int_free_merge_chunk
calls=675 +19 
* 82476
3163 2103
+4 2103
-4 2103
+2 8412
+1 2103
+1 2103
4550 2103

fn=(752)
3407 17688
+6 3216
+4 3216
3538 1036
3425 1036
3538 6216
3425 1036
cfn=(528)
calls=1036 3294 
* 125513
-1 3216
5241 572
3433 572
5242 1716
-1 1144
+2 1144
3489 2
+49 5148
5244 572
3441 1144
+2 2
+1 4
+12 1710
fi=(163)
153 1710
fe=(162)
3464 2280
+1 1140
1326 1140
+19 3420
3475 1140
+31 1140
+2 3420
cfn=(768)
calls=570 4914 
* 167122
* 570
+1 2850
fi=(163)
153 2280
fe=(162)
3509 1140

fn=(772)
4665 3375
+1 675
-1 2025
+5 4050
+3 1350
+5 2025
+3 1350
+1 1350
+1 1350
1992 2025
4689 1350
+2 187
+2 187
-1 187
+2 748
+2 374
cfn=(778)
calls=187 1608 
* 4320
+18 1350
+6 1130
+4 431
+9 431
-1 431
+1 1293
+1 862
-1 134
-1 134
+1 402
+1 268
+2 565
+2 1130
+5 565
+1 565
+2 1695
+1 565
-45 565
-1 1130
+1 3390
-1 565
cfn=(774) _int_free_maybe_consolidate
calls=565 +69 
* 13560
+1 110
-1 220
+1 660
-1 110
cfn=(774)
calls=110 +69 
* 14349
+39 1170
+16 110
+1 330
+1 220
-37 134
+1 134
-1 134
cfn=(778)
calls=134 1608 
* 3197
+1 134
-47 2025
-2 1350

fn=(774)
4770 7425
+6 1350
+22 7315
-20 328
+3 246
-2 45
cfn=(906)
calls=45 +32 
* 9345
* 45
+5 410
+1 40
+13 70
-13 10
cfn=(1018)
calls=10 2957 
* 1280

fn=(528)
3294 32584
+7 8146
1326 8144
+19 19391
3311 6198
+2 16292
+3 8144
+10 3428
+28 10284
3248 4
cfn=(538)
calls=1 -6 
* 473
+68 2
+1 4
+1 10917
3178 4718
+4 4718
+4 2359
+4 2359
-4 7077
+4 2359
+1 2359
3354 14154
-26 6856
cfn=(540)
calls=1714 3846 
* 318084
+1 8570
fi=(163)
153 3428
264 1
cfn=(532) ptmalloc_init.part.0
calls=1 -2 
* 1151
fe=(162)
1326 2

fl=(89) ./wcsmbs/../sysdeps/x86_64/multiarch/wcslen.c
fn=(296) wcslen
29 1
fi=(86) ./wcsmbs/../sysdeps/x86_64/multiarch/ifunc-wcslen.h
+12 2
-1 4
+17 4
fe=(89)
-28 1

fl=(80) ./string/../sysdeps/x86/cacheinfo.c
fn=(278) __x86_cacheinfo
86 1
fi=(81) ./string/../sysdeps/x86/cacheinfo.h
-27 1
+3 3
+2 1
+1 1
-1 2
+7 3
+2 1
+1 1
-1 2
+5 2
+2 2
+1 2
+1 2
+2 2
+2 2
fe=(80)

fl=(113) ./string/../sysdeps/x86_64/multiarch/strncase_l.c
fn=(348) strncasecmp_l
31 1
fi=(108) ./string/../sysdeps/x86_64/multiarch/ifunc-strcasecmp.h
+6 2
-1 4
+17 3
+3 3
fe=(113)
-25 2

fl=(177) ./libio/./libio/filedoalloc.c
fn=(586) _IO_file_doallocate
78 22
+6 8
fi=(179) ./libio/./libio/libioP.h
1025 6
+1 4
fe=(177)
84 6
cfi=(170) ./libio/./libio/fileops.c
cfn=(588) _IO_file_stat
calls=2 1147 
* 18
* 4
+2 8
+11 8
+4 4
cob=(3)
cfi=(144)
cfn=(526)
calls=2 0 
* 455
* 2
+1 4
+2 8
cfi=(169) ./libio/./libio/genops.c
cfn=(592) _IO_setb
calls=2 329 
* 58
+1 2
+1 18

fl=(185)
fn=(628)
31 7
+1 1
-1 1
+1 1
-1 1
+4 6
+2 10
+1 4
cfi=(169)
cfn=(630) _IO_sgetn
calls=1 409 
* 358
fi=(179)
979 2
+1 9
fe=(185)
40 2
+1 9
-1 2
-3 4

fl=(256) ./stdlib/./stdlib/exit.c
fn=(1186) exit
137 2
+1 3
-1 1
+1 1
cfn=(1188) __run_exit_handlers
calls=1 38 
* 1434

fn=(1188)
38 12
+2 2
+3 5
+11 2
+2 2
+38 2
-30 6
+2 1
+1 1
-1 1
+3 7
+44 3
+13 1
-66 1
+66 3
+2 2
+3 2
cfi=(265) ./posix/../sysdeps/unix/sysv/linux/_exit.c
cfn=(1250) _Exit
calls=1 27 
* 4
-29 1
+1 1
-2 1
+3 1
+3 1
-3 2
+3 3
+1 3
cob=(1)
cfi=(258) ./elf/./elf/dl-fini.c
cfn=(1192) _dl_fini
calls=1 -82 
* 981
+1 4
+10 3
+1 2
-79 1
cfi=(257) ./stdlib/./stdlib/cxa_thread_atexit_impl.c
cfn=(1190) __call_tls_dtors
calls=1 148 
* 13
* 1
+88 1
cfi=(169)
cfn=(1244) _IO_cleanup
calls=1 842 
* 357
* 1

fl=(129) ./string/../sysdeps/x86_64/multiarch/mempcpy.c
fn=(394) mempcpy
33 1
fi=(96) ./string/../sysdeps/x86_64/multiarch/ifunc-memmove.h
+24 3
-1 2
+4 3
+14 2
+29 2
+10 4
fe=(129)
-80 1
fi=(96)
+75 3
fe=(129)

fl=(204) ./stdio-common/./stdio-common/Xprintf_buffer_done.c
fn=(746) __printf_buffer_done
25 543
+1 1629
+5 1086
+2 6516
+7 543

fl=(169)
fn=(662) _IO_unsave_markers
937 12
+2 4
+5 6
+2 6

fn=(552) _IO_no_init
563 22
+1 2
cfn=(554) _IO_old_init
calls=2 -33 
* 50
+1 2
+1 4
+2 2
+4 2
+7 2
+2 2
-9 10
+15 2
+1 12

fn=(634) __underflow
269 5
+1 1
-1 1
+1 3
+5 3
+3 1
173 1
278 2
+2 2
+6 2
+7 1
fi=(179)
1025 3
+1 2
fe=(169)
293 2
+1 3
-1 1
cfi=(170)
cfn=(636) _IO_file_underflow@@GLIBC_2.2.5
calls=1 462 
* 98
-2 3

fn=(1246) _IO_flush_all
686 5
+5 1
-5 1
+5 1
-5 6
+5 4
cfi=(171) ./nptl/./nptl/libc-cleanup.c
cfn=(560) __libc_cleanup_push_defer
calls=1 24 
* 13
+1 6
-5 1
fi=(179)
1025 2
fe=(169)
708 33
+1 3
-14 9
+2 3
+1 27
+2 21
+13 7
+1 2
cfi=(171)
cfn=(562) __libc_cleanup_pop_restore
calls=1 54 
* 9
+4 12
-20 9
-6 2
-5 2
+8 1
-3 1
+3 2

fn=(554)
531 2
+3 2
-2 2
+2 2
+5 2
-7 2
+2 2
+10 2
-10 2
+16 2
-11 2
-5 2
+16 2
-16 2
+21 2
-16 10
+16 4
+1 4
+2 2

fn=(558) _IO_link_in
87 28
+1 20
+18 36
-16 2
+2 6
-2 2
+2 8
cfi=(171)
cfn=(560)
calls=2 -68 
* 26
+1 14
+10 4
cfi=(171)
cfn=(562)
calls=2 -49 
* 18
+3 2
-11 10
+2 2
-2 2
+3 2
-3 2
+2 2
+3 8
+2 2
-2 2
+1 2
+1 10
-9 4
+1 2
+1 4

fn=(584) _IO_doallocbuf
343 2
+1 4
-1 14
+3 6
+1 2
fi=(179)
1025 6
+1 4
fe=(169)
347 4
cfi=(177)
cfn=(586)
calls=2 78 
* 635
* 4
+3 12

fn=(1140) _IO_default_xsputn
371 22
+3 8
fi=(179)
1025 2
fe=(169)
373 4
+16 4
+8 2
+2 4
-20 8
+2 2
+1 4
+2 4
-9 2
+29 16
-11 6
+1 16
-1 24
+2 8
-6 4

fn=(592)
329 44
+1 20
+5 8
-3 4
+3 8
-2 4
+2 8
+3 24
-7 2
cob=(3)
cfi=(144)
cfn=(596)
calls=2 0 
* 257
+4 4

fn=(594) _IO_free_backup_area
187 12
+1 4
+2 4
cob=(3)
cfi=(144)
cfn=(596)
calls=2 0 
* 12
+1 2
+1 2
-1 2
+3 6

fn=(640) _IO_switch_to_get_mode
164 6
+1 3
+3 3
+4 2
+1 2
+7 1
-4 1
+4 1
-2 2
+3 1
+1 4

fn=(1244)
842 6
-66 1
+66 6
+1 1
cfn=(1246)
calls=1 686 
* 183
-67 2
+67 1
-67 3
cfi=(171)
cfn=(560)
calls=1 24 
* 13
+1 6
fi=(179)
1025 1
fe=(169)
785 1
-1 1
+1 4
-1 2
+1 25
+9 6
+20 2
+2 4
+1 3
-37 9
+41 7
+1 2
cfi=(171)
cfn=(562)
calls=1 54 
* 9
+33 12
-78 2
+39 24
-2 1
+2 1
-31 6
+7 7
-15 1
+3 2
-3 1
+3 2

fn=(630)
409 2
fi=(179)
1025 1
fe=(169)
409 3
+2 1
fi=(179)
1025 2
+1 2
fe=(169)
411 1
+1 2
-1 1
cfi=(170)
cfn=(632) _IO_file_xsgetn
calls=1 1273 
* 343

fn=(656) _IO_un_link
53 4
+1 8
+28 4
cfn=(658) __GI__IO_un_link.part.0
calls=2 -30 
* 200

fn=(658)
52 8
+6 2
-6 4
+6 2
-6 8
+6 8
cfi=(171)
cfn=(560)
calls=2 -34 
* 26
+1 14
+2 2
-1 2
+1 20
+4 4
+9 4
+2 12
+3 4
cfi=(171)
cfn=(562)
calls=2 -25 
* 18
+3 18
-19 2
-2 4
+2 4
+13 6
+2 2
-2 2
+1 2
+1 10
-12 6
-7 6

fn=(676) _IO_default_finish
601 12
+2 6
+6 6
+3 6
54 4
624 6

fl=(105) ./wcsmbs/../sysdeps/x86_64/multiarch/wmemchr.c
fn=(332) wmemchr
31 2
fi=(267) ./wcsmbs/../sysdeps/x86_64/multiarch/ifunc-evex.h
+7 6
-1 8
fe=(105)
-6 2

fl=(188)
fn=(654)
34 16
+14 6
+9 2
fi=(179)
1025 6
+1 4
fe=(188)
57 6
cfi=(170)
cfn=(674) _IO_file_finish@@GLIBC_2.2.5
calls=2 168 
* 68
+1 6
+13 4
fi=(179)
951 8
+1 8
+6 4
cob=(3)
cfi=(144)
cfn=(596)
calls=2 0 
* 174
fe=(188)
76 14
-27 2
cfi=(169)
cfn=(656)
calls=2 +4 
* 208
+2 16
+1 4
+1 4
cfi=(170)
cfn=(660) _IO_file_close_it@@GLIBC_2.2.5
calls=2 +75 
* 607
fi=(179)
979 2
fe=(188)
53 2
fi=(179)
979 6
+1 18
fe=(188)
51 10

fl=(83) ./string/../sysdeps/x86_64/multiarch/strpbrk.c
fn=(284) strpbrk
29 1
fi=(268) ./string/../sysdeps/x86_64/multiarch/ifunc-sse4_2.h
+7 5
fe=(83)
-7 1

fl=(122) ./debug/../sysdeps/x86_64/multiarch/memmove_chk.c
fn=(374) __memmove_chk
29 1
fi=(91)
+28 3
-1 2
+4 3
+14 2
+29 2
+10 4
fe=(122)
-84 1
fi=(91)
+79 3
fe=(122)

fl=(255) ./io/../sysdeps/unix/sysv/linux/write.c
fn=(1178) write
25 2
+1 12
+1 2

fl=(257)
fn=(1190)
148 4
+1 1
-1 1
+1 3
+16 4

fl=(196)
fn=(724)
26 154
+1 616
+5 616
+2 308
cfi=(197) ./libio/./libio/vsnprintf.c
cfn=(726) __vsnprintf_internal
calls=154 +59 
* 93277

fl=(211)
fn=(804)
116 141
+1 705
cfi=(212) ./stdlib/../stdlib/strtol_l.c
cfn=(806) ____strtol_l_internal
calls=141 238 
* 14858

fl=(93) ./string/../sysdeps/x86_64/multiarch/memrchr.c
fn=(308) memrchr
29 1
fi=(269) ./string/../sysdeps/x86_64/multiarch/ifunc-avx2.h
+11 3
-2 4
fe=(93)
-9 2

fl=(100) ./debug/../sysdeps/x86_64/multiarch/memset_chk.c
fn=(322) __memset_chk
29 2
fi=(101) ./debug/../sysdeps/x86_64/multiarch/ifunc-memset.h
+25 10
+3 6
+7 4
+9 4
+30 8
fe=(100)
-74 2

fl=(109) ./string/../sysdeps/x86_64/multiarch/strcspn.c
fn=(340) strcspn
29 1
fi=(268)
+7 5
fe=(109)
-7 1

fl=(251)
fn=(1146)
25 5404
+3 772
+4 386
-4 386
+4 386
+1 386
-1 386
-4 386
+4 1158
+1 386
cfi=(198) ./stdio-common/./stdio-common/vfprintf-internal.c
cfn=(1148) __vfprintf_internal
calls=386 1522 
* 205377
+4 1930

fl=(189) ./io/../sysdeps/unix/sysv/linux/close_nocancel.c
fn=(666) __close_nocancel
25 2
+1 8
+1 2

fl=(104) ./string/../sysdeps/x86_64/multiarch/stpncpy.c
fn=(330) stpncpy
31 1
fi=(270) ./string/../sysdeps/x86_64/multiarch/ifunc-strncpy.h
+4 5
fe=(104)
-4 1

fl=(118) ./string/../sysdeps/x86_64/multiarch/strcasecmp_l.c
fn=(362) strcasecmp_l
31 1
fi=(108)
+6 2
-1 4
+17 3
+3 3
fe=(118)
-25 2

fl=(163)
fn=(532)
262 1
fi=(164) ./malloc/../sysdeps/unix/sysv/linux/not-cancel.h
97 3
fe=(163)
262 7
+5 1
fi=(164)
97 3
fi=(162)
3143 2
fe=(163)
292 2
+4 3
fi=(162)
1946 4
+3 1
-3 1
+3 2
-3 2
+3 126
-3 126
+3 252
-3 252
+11 1
fe=(163)
300 3
fi=(162)
1958 1
+2 1
fe=(163)
300 1
cob=(3)
cfi=(144)
cfn=(442)
calls=1 0 
* 25
+1 4
cob=(3)
cfi=(144)
cfn=(442)
calls=1 0 
* 26
+1 4
cob=(3)
cfi=(144)
cfn=(442)
calls=1 0 
* 25
+1 4
cob=(3)
cfi=(144)
cfn=(442)
calls=1 0 
* 25
+1 4
cob=(3)
cfi=(144)
cfn=(442)
calls=1 0 
* 26
+1 4
cob=(3)
cfi=(144)
cfn=(442)
calls=1 0 
* 25
+1 4
cob=(3)
cfi=(144)
cfn=(442)
calls=1 0 
* 25
+2 4
cob=(3)
cfi=(144)
cfn=(442)
calls=1 0 
* 25
+1 4
cob=(3)
cfi=(144)
cfn=(442)
calls=1 0 
* 25
+1 4
cob=(3)
cfi=(144)
cfn=(442)
calls=1 0 
* 25
+3 4
cob=(3)
cfi=(144)
cfn=(442)
calls=1 0 
* 25
+1 4
cob=(3)
cfi=(144)
cfn=(442)
calls=1 0 
* 25
+2 2
+10 8

fl=(82) ./string/../sysdeps/x86_64/multiarch/strnlen.c
fn=(282) strnlen
31 3
fi=(269)
+9 9
-2 12
fe=(82)
-7 6

fl=(181) ./io/../sysdeps/unix/sysv/linux/read.c
fn=(608) read
25 3
+1 18
+1 3

fl=(263) ./posix/./posix/register-atfork.c
fn=(1210) __unregister_atfork
82 4
+1 4
-1 8
+1 4
fi=(264) ./posix/../malloc/dynarray-skeleton.c
243 2
fe=(263)
71 4
+38 8
+1 6

fl=(143) ./nptl/./nptl/pthread_mutex_conf.c
fn=(440) __pthread_tunables_init
55 2
+1 2
-1 2
+1 2
-1 4
+1 1
cob=(3)
cfi=(144)
cfn=(442)
calls=1 -56 
* 26
+2 4
cob=(3)
cfi=(144)
cfn=(442)
calls=1 -58 
* 25
+2 4
cob=(3)
cfi=(144)
cfn=(442)
calls=1 -60 
* 26
+2 6

fl=(155) ./csu/../sysdeps/nptl/libc_start_call_main.h
fn=(510) (below main)
29 4
+15 1
-15 5
+15 1
cfi=(156) ./setjmp/../sysdeps/x86_64/bsd-_setjmp.S
cfn=(512) _setjmp
calls=1 -16 
* 38
* 1
+2 2
+5 2
+1 2
+3 2
+3 6
cob=(5)
cfi=(159)
cfn=(518)
calls=1 -31 
* 5416826
+16 2
cfi=(256)
cfn=(1186)
calls=1 +63 
* 1441

fl=(153)
fn=(490)
242 13
+69 3
+1 3
cfi=(154) ./stdlib/./stdlib/cxa_atexit.c
cfn=(492) __cxa_atexit
calls=1 67 
* 72
+25 6
+6 2
-3 2
+10 2
cob=(3)
cfi=(144)
cfn=(506)
calls=1 0 
* 7
+2 2
+8 4
cfi=(155)
cfn=(510)
calls=1 29 
* 5418333
128 2
+6 3
+1 6
cob=(3)
cfi=(144)
cfn=(496)
calls=1 0 
* 7
* 1
+3 1
+1 2
+3 2
+1 2
-1 1
+2 7
+1 4
cob=(5)
cfi=(152)
cfn=(500)
calls=1 0 
* 12
-1 4

fl=(175)
fn=(578)
32 22
+3 18
+1 10
cfi=(176) ./libio/./libio/ioseekoff.c
cfn=(580) _IO_seekoff_unlocked
calls=2 -3 
* 682
* 8
fi=(179)
979 4
+1 16
fe=(175)
39 14
-4 6

fl=(99) ./string/../sysdeps/x86_64/multiarch/strchr.c
fn=(320) index
65 2
-22 4
+1 2
-2 8
+17 8
+6 2

fl=(126) ./string/../sysdeps/x86_64/multiarch/strspn.c
fn=(388) strspn
29 1
fi=(268)
+7 5
fe=(126)
-7 1

fl=(140) ./ctype/./ctype/ctype-info.c
fn=(434) __ctype_init
29 1
+2 7
+2 4
+2 4
+1 1

fl=(182)
fn=(614)
34 7
+3 9
+1 5
cfi=(176)
cfn=(580)
calls=1 -5 
* 68
+1 1
fi=(179)
979 2
fe=(182)
39 2
fi=(179)
980 8
fe=(182)
45 2
+12 5
fi=(179)
979 3
fe=(182)
37 3

fl=(178) ./io/../sysdeps/unix/sysv/linux/fstat64.c
fn=(590) fstat
30 3
+9 12
+33 3

fl=(254)
fn=(1170)
32 2583
+3 574
+1 2009
+5 1722

fl=(171)
fn=(560)
24 6
+1 6
+2 12
+2 12
+3 12
+14 18
+2 6
+1 6

fn=(562)
54 6
+1 6
+2 12
+2 6
+1 18
+11 6

fl=(130) ./string/../sysdeps/x86_64/multiarch/strncase.c
fn=(398) strncasecmp
31 1
fi=(108)
+6 2
-1 4
+17 3
+3 3
fe=(130)
-25 2

fl=(95) ./string/../sysdeps/x86_64/multiarch/memcmpeq.c
fn=(312) memcpy@@GLIBC_2.14
29 2
fi=(96)
+28 6
-1 4
+4 6
+14 4
+29 4
+10 8
fi=(271) ./string/../sysdeps/x86_64/multiarch/memcpy.c
-84 2
fi=(96)
+79 6
fe=(95)

fl=(94) ./wcsmbs/../sysdeps/x86_64/multiarch/wcsncpy.c
fn=(310) wcsncpy
31 1
fi=(272) ./wcsmbs/../sysdeps/x86_64/multiarch/ifunc-wcs.h
+9 3
-1 4
fe=(94)
-8 1

fl=(106) ./string/../sysdeps/x86_64/multiarch/strncmp.c
fn=(334) strncmp
67 1
-23 2
-1 4
+17 3
+1 3
+6 2

fl=(234)
fn=(992)
108 12
+36 12
+1 12
+2 12
+1 12
+21 12
+1 12
+1 10
+1 10
+1 10
+1 10
+18 10
+1 10
+1 10
+1 10
+1 10
+1 10
+1 10
+5 3
+1 6
+9 3
+1 3
+1 3
+1 3
+1 3
+1 3
+1 3
+1 3
+1 3
-8 2
+1 2
+1 2
+1 2
+1 2
+1 2
+1 2
+1 2
+1 2
+24 5
+1 5
+2 5
+6 5
+1 5
+1 5
+1 5
+1 5
+5 5
+2 1
+1 1
+6 3
+3 1
+2 1
+6 1
+1 1
+25 1
1697 4
+1 4
+1 4
+1 4
+6 11
+6 11
+1 11
+8 11
+1 11
+3 1
+1 1

fl=(145) ./nptl/../sysdeps/unix/sysv/linux/x86/elision-conf.c
fn=(444) __lll_elision_init
92 2
+4 1
-4 2
+4 2
-4 1
+4 1
-4 3
+4 1
cob=(3)
cfi=(144)
cfn=(442)
calls=1 -96 
* 26
+2 4
cob=(3)
cfi=(144)
cfn=(442)
calls=1 -98 
* 26
+2 4
cob=(3)
cfi=(144)
cfn=(442)
calls=1 0 
* 26
+2 4
cob=(3)
cfi=(144)
cfn=(442)
calls=1 0 
* 26
+2 4
cob=(3)
cfi=(144)
cfn=(442)
calls=1 0 
* 26
+3 3
+1 1
+1 6

fl=(174)
fn=(574)
32 222
+1 222
+1 222
+1 222
+1 222
+1 222
+1 222
+1 222
+1 222
+1 203
+1 203
+1 203
+1 203
+1 203
+1 203
+1 203
+1 203
+1 203
+1 195
+4 195
+1 195
+1 195
+1 195
+2 195
+4 8
+1 8
+1 8
+1 8
+1 8
+1 8
+1 8
+1 8
+1 8
+1 8
+1 8
+1 8
+1 8
+1 8
+1 8
+1 8
+1 8
+1 8
+1 8
+1 8
+1 8
+1 8
+1 8
+1 10
+5 1
+1 1
+3 1
+1 1
+1 1
+1 1
+1 1
+1 1
+1 1
+1 1
+1 1
+1 1
+1 1
+1 1
+1 1
+1 1
+1 1
+1 1
+1 1
+1 1
+2 1
+1 1
+2 1
+1 1
+1 1
+1 1
+1 1
+1 1
+1 1
+1 1
+2 1
+1 1
+1 1
+1 1
+1 1
+1 1
+1 1
+1 1
+1 1
+1 1
+3 1
+4 1
+1 1
+1 1
+1 1
+2 1
-9 26
+4 26
+1 26
+1 26
+1 26
+2 26
+4 19
+1 19
+1 19
+1 19
+1 19
+1 19
+1 19
+1 19
+1 19
+1 19
+1 19
+1 19
+1 19
+1 19
+1 19
+1 19
+1 19
+1 19
+1 19
+1 19
+1 19
+1 19
+1 19
+1 19
+1 19
+1 19
+1 19
+1 19
+1 19
+1 19
+1 19
+1 19
+1 19
+1 19
+1 19
+1 19
+1 19
+1 19
+1 1

fn=(732)
32 1283
+1 1283
+1 1283
+1 1283
+1 1283
+1 1283
+1 1283
+1 1283
+1 1283
+1 1283
+1 1283
+1 1283
+1 1283
+1 1283
+1 1283
+1 1283
+1 1283
+1 1283
+1 1283
+2 1283
+7 1283

fl=(201) ./stdio-common/./stdio-common/Xprintf_buffer_flush.c
fn=(738) __printf_buffer_flush
61 77
fi=(203) ./stdio-common/../include/printf_buffer.h
+54 77
fe=(201)
-53 154
-1 308
fi=(202) ./stdio-common/./stdio-common/printf_buffer_flush.c
-20 539
fe=(201)
+25 154
+4 231
+1 77
+1 231
fi=(202)
-25 77
cfi=(197)
cfn=(742) __printf_buffer_flush_snprintf
calls=77 -12 
* 1309
fi=(203)
+68 77
fi=(202)
-67 77
fe=(201)

fl=(156)
fn=(512)
28 1
+2 1
+2 1
cfi=(157) ./setjmp/../sysdeps/x86_64/setjmp.S
cfn=(514) __sigsetjmp
calls=1 -1 
* 35

fl=(260) ./nptl/./nptl/pthread_mutex_unlock.c
fn=(1196) pthread_mutex_unlock@@GLIBC_2.2.5
367 1
51 3
+1 2
367 3
57 2
+8 1
-3 1
-23 1
+1 4
+1 1
+29 1
+2 1
369 2
74 2
+6 4
+4 3
+3 2

fl=(141) ./resource/../sysdeps/unix/sysv/linux/getrlimit64.c
fn=(436) getrlimit
38 2
+1 7
+1 1

fl=(119) ./string/../sysdeps/x86_64/multiarch/strlen.c
fn=(368) strlen
29 2
fi=(269)
+11 6
-2 8
fe=(119)
-9 4

fl=(139) ./elf/./elf/libc_early_init.c
fn=(432) __libc_early_init
33 9
+2 1
cfi=(140)
cfn=(434)
calls=1 -6 
* 17
+3 1
fi=(142) ./elf/../sysdeps/nptl/pthread_early_init.h
-5 2
fe=(139)
+8 1
-3 1
+3 1
fi=(142)
-8 1
cfi=(141)
cfn=(436)
calls=1 +5 
* 10
* 3
+1 1
+4 5
+7 1
fi=(273) ./elf/../nptl/nptl-stack.h
+16 3
fi=(142)
-16 1
fi=(273)
+16 2
fi=(142)
-7 1
fi=(273)
+7 3
fi=(142)
-9 1
-6 1
+2 2
+4 4
+1 1
+3 1
cfi=(143)
cfn=(440)
calls=1 -1 
* 104
fe=(139)
-9 3
+2 2
-2 1
cfi=(145)
cfn=(444)
calls=1 +45 
* 169

fl=(148) ./csu/./csu/init-first.c
fn=(476) _init_first
46 6
+5 2
+4 5
+8 1
-2 1
+10 1
-9 1
+1 1
+9 3
-1 1
cfi=(149) ./misc/./misc/init-misc.c
cfn=(478) __init_misc
calls=1 -41 
* 52

fl=(84) ./string/../sysdeps/x86_64/multiarch/strcmp.c
fn=(286) strcmp
79 2
-31 4
+1 2
-2 8
+17 6
+3 4
+12 2

fl=(198)
fn=(728) __printf_buffer
600 6516
fi=(274) ./stdio-common/./stdio-common/printf-parse.h
82 543
fe=(198)
600 1086
fi=(274)
82 543
fe=(198)
600 543
+27 1629
+11 543
-11 543
+11 543
-11 543
+11 1086
fi=(274)
82 543
cob=(3)
cfi=(144)
cfn=(730)
calls=543 -82 
* 12489
fe=(198)
653 1086
+1 543
fi=(274)
82 1086
fe=(198)
654 543
-1 543
cfi=(199) ./stdio-common/./stdio-common/Xprintf_buffer_write.c
cfn=(734) __printf_buffer_write
calls=543 27 
* 23394
+2 1629
+4 1086
+4 4344
-32 543
973 543
642 543
973 1086
634 543
+71 2960
1044 5973
705 1480
-13 740
+7 740
+6 1480
-14 740
-4 740
+18 740
-10 740
+10 740
-7 740
-4 740
+11 1480
-19 740
-1 740
+20 740
-12 740
-9 740
-1 740
+22 740
-15 1480
1024 740
fi=(274)
82 740
fe=(198)
1018 740
fi=(274)
82 1480
cob=(3)
cfi=(144)
cfn=(730)
calls=740 -82 
* 17020
fe=(198)
1028 1480
+1 740
fi=(274)
82 740
fe=(198)
1029 740
-1 740
cfi=(199)
cfn=(734)
calls=740 27 
* 31471
+3 2071
fi=(200) ./stdio-common/./stdio-common/vfprintf-process-arg.c
501 2184
cfi=(199)
cfn=(734)
calls=546 27 
* 33543
+1 546
-11 546
-88 4368
+19 1092
-14 1092
+47 1638
-33 2184
+8 1092
fe=(198)
761 48
fi=(203)
148 144
+1 192
fi=(200)
-13 292
+19 1898
cfi=(220) ./stdio-common/./stdio-common/_itoa.c
cfn=(874) _itoa_word
calls=146 +14 
* 4406
+11 292
-11 292
+11 584
-5 1168
+25 700
+1 15
+14 30
-4 45
+4 262
-4 393
+2 438
+2 292
+7 146
-2 292
+2 438
+3 284
+13 284
fi=(203)
-61 292
fi=(200)
+70 292
+3 292
136 146
+2 292
fe=(198)
876 80
-5 720
-1 80
+1 640
fi=(200)
67 146
-18 146
-1 292
+1 560
201 240
58 160
201 198
58 132
-23 142
+22 284
161 146
+9 292
+17 146
+8 146
-8 146
+12 146
-12 146
+8 584
-8 786
+53 584
cfi=(199)
cfn=(734)
calls=146 27 
* 7988
* 146
-31 4
+2 8
+6 8
fi=(203)
-69 12
+1 12
fi=(200)
+75 8
fi=(203)
-61 292
fi=(200)
50 132
+2 132
+1 528
435 1092
cob=(3)
cfi=(144)
cfn=(700)
calls=546 0 
* 10854
* 1092
35 4
+23 4
-1 8
fe=(198)

fn=(1148)
1522 5018
+3 1930
+4 1930
+11 772
+27 4246
-42 772
+18 1544
cfi=(252) ./stdio-common/./stdio-common/printf_buffer_to_file.c
cfn=(1150) __printf_buffer_to_file_init
calls=386 108 
* 8494
+1 1930
cfn=(728)
calls=386 600 
* 156073
+1 772
cfi=(252)
cfn=(1154) __printf_buffer_to_file_done
calls=386 117 
* 21510
* 386

fl=(250)
fn=(1132)
31 1566
+1 261
-1 261
+1 261
-1 522
+4 1566
+2 2610
+1 784
+1 1
fi=(179)
1025 1
fe=(250)
39 1
fi=(179)
1025 1
+1 2
fe=(250)
39 260
fi=(179)
1025 260
fe=(250)
39 260
fi=(179)
1025 260
+1 520
fe=(250)
39 1305
cfi=(170)
cfn=(1134) _IO_file_xsputn@@GLIBC_2.2.5
calls=261 1198 
* 17835
+6 522
fi=(179)
979 522
fe=(250)
45 522
+1 261
+3 2349
-11 520
fi=(179)
980 2349
fe=(250)
37 1044

fl=(187)
fn=(646)
210 12757
+1 12757
+6 12757
+1 12757
+2 1431
+1 1431
+1 1431
+2 285
+1 285
+1 285
+4 285
+78 11326
+1 11326
+2 9119
+4 9119
+1 2975
+1 2975
+1 2974
+1 2974
+1 1410
+1 1410
+2 1410
+2 1410
-2 1564
+2 1565
+6 6144
+1 6144
+1 6144
+1 6144
+1 6144
+29 2207
+1 2207
+1 2207
+1 2207
+1 2207
+7 554
+1 554
+1 554
+1 554
+1 554
+1 554
+1 554
+11 1146
+1 1146
+2 903
+1 903
+1 903
+2 349
+1 349
+1 349
+1 349
+1 349
+1 349
+1 349
+1 349
+1 349
+1 349
+1 349
+1 349
+1 349
+1 349
+1 349
+4 243
+1 243
+4 243
+2 243
+4 243
+1 243
+11 243
+3 243
+2 243
+2 243
+4 243
+1 243
+9 208
+1 208
+2 208
+2 208
+1 208
+1 208
+3 208
+2 208
+2 208
+2 416
+6 208
+1 208
+1 208
+1 208
+1 208
+1 208
+1 208
+1 208
+1 208
+1 208
+1 208
+1 208
-11 726
+1 726
+1 726
+1 726
+1 726
+1 726
+1 726
+1 726
+1 726
+1 726
+1 726
+1 726
+2 208
+1 208
+1 208
+1 208
+2 208
+4 208
+13 35
+1 35
+2 35
+1 35
+1 35
+2 35
+2 35
+2 70
+6 35
+1 35
+1 35
+1 35
+1 35
+1 35
+1 35
+1 35
+1 35
+1 35
+1 35
+1 35
-11 59
+1 59
+1 59
+1 59
+1 59
+1 59
+1 59
+1 59
+1 59
+1 59
+1 59
+1 59
+2 35
+1 35
+1 35
+1 35
+2 35
+1 35

fn=(1158)
197 621
+1 621
+1 621
+1 621
+17 621
+1 621
+2 4
+1 4
+1 4
+2 4
+1 4
+1 4
+4 4
+78 617
+1 617
+2 602
+4 602
+1 246
+1 246
+1 246
+1 246
+1 246
+1 246
+2 246
+2 246
+6 356
+1 356
+1 356
+1 356
+1 356
+29 15
+1 15
+1 15
+1 15
+1 15

fn=(708)
204 981
+1 981
+1 1962
+4 981
+1 981
+6 981
+1 981
+2 17
+1 17
+1 17
+2 17
+1 17
+1 17
+4 17
+78 964
+1 964
+2 949
+4 949
+1 716
+1 716
+1 716
+1 716
+1 715
+1 715
+2 715
+2 715
-2 1
+2 1
+6 233
+1 233
+1 233
+1 233
+1 233
+29 15
+1 15
+1 15
+1 15
+1 15

fl=(262)
fn=(1208)
30 4
+3 4
-3 16
+3 10
+3 8
+4 14
-4 6
+57 8
+4 12
-4 6
+12 4
cfi=(263)
cfn=(1210)
calls=2 -23 
* 40
+1 8
+1 16

fl=(149)
fn=(478)
30 1
+1 2
-1 4
+1 4
+2 3
cob=(3)
cfi=(144)
cfn=(480)
calls=1 -33 
* 26
+4 5
+1 3
+2 4

fl=(252)
fn=(1154)
117 386
+1 1158
-1 386
-64 386
+64 2316
-66 1544
+2 1158
+15 1155
+18 1155
+3 385
+2 770
+12 385
+19 385
-1 385
+1 1540
-1 385
cfi=(204)
cfn=(746)
calls=385 -96 
* 7315
+1 1
-1 1
+1 4
-1 1
cfi=(204)
cfn=(746)
calls=1 -96 
* 19
-56 2
cfn=(1152) __printf_buffer_to_file_switch
calls=1 -36 
* 11
+1 1
-8 1
+1 1
fi=(275) ./stdio-common/../libio/libioP.h
1025 1
fe=(252)
58 1
+1 1
-1 1
fi=(275)
1025 2
+1 2
fe=(252)
59 2
cfi=(170)
cfn=(1134)
calls=1 1198 
* 258
* 2
+39 1
+1 1
-1 1
+1 1

fn=(1150)
108 386
+1 386
fi=(203)
+18 386
fe=(252)
-18 386
fi=(203)
+28 386
-9 386
+9 386
-13 386
fe=(252)
-13 386
fi=(203)
+13 386
fe=(252)
-12 386
cfn=(1152)
calls=386 -83 
* 4248

fn=(1152)
29 387
+1 1935
+10 1
+1 1
+3 4
+1 1
-1 1544
+1 386

fl=(253)
fn=(1164)
32 3249
+1 361
cob=(3)
cfi=(144)
cfn=(700)
calls=361 -33 
* 6931
* 361
+3 2527
+1 1083
+1 361
fi=(179)
1025 1083
+1 722
fe=(253)
38 1444
cfi=(170)
cfn=(1134)
calls=361 1198 
* 23204
* 722
+1 361
fi=(179)
979 722
fe=(253)
37 722
fi=(179)
980 2527
fe=(253)
42 361
fi=(179)
980 361
fe=(253)
42 2166
-6 1805

fl=(192)
fn=(688)
57 966
+21 966
+1 966
+16 966
+1 966
+1 966
+1 966
+3 966
+1 966
+1 966
+1 966
+1 966
+1 966
+1 966
+2 966
+2 966
+27 958
+1 13412
+30 6706
+4 8
+1 112
+1 59
+5 965
+1 965
+1 965
+1 965
+1 965
+2 965
+4 1
+1 1
+1 2
+5 1
+1 1
+1 1
+14 1
+1 1
+5 1
+1 1
+1 1
+1 1
+2 1

fn=(702)
57 3568
+44 3568
+1 3568
+1 3568
+1 3568
+1 3568
+1 3568
+1 3568
+2 3568
+2 3568
+31 3528
+1 3528
+1 3528
+1 3528
+1 3528
+1 3452
+2 3452
+4 76
+1 76
+1 76
+1 76
+1 76
+1 76
+1 76
+1 76
+1 76
+1 76
+1 76
+1 76
+5 608
+4 40
+1 560
+1 320

fl=(92) ./debug/../sysdeps/x86_64/multiarch/memcpy_chk.c
fn=(304) __memcpy_chk
29 1
fi=(91)
+28 3
-1 2
+4 3
+14 2
+29 2
+10 4
fe=(92)
-84 1
fi=(91)
+79 3
fe=(92)

fl=(212)
fn=(806)
238 705
+54 141
-54 141
+19 141
-19 564
+14 141
-14 423
+26 282
+31 564
+9 846
+2 282
+5 282
-1 139
+6 278
+4 282
+15 248
+10 564
-87 282
395 141
+56 705
+26 141
+1 141
-84 141
-1 141
+96 282
-5 350
+5 175
+1 525
-41 350
+2 700
+2 534
+7 6
+17 6
+4 525
+3 350
+11 282
+5 423
+6 282
+3 141
+15 141
-15 282
-2 278
+39 1128
327 51
+15 282
-20 34
-2 2
-7 2
+1 4
507 2
+17 2
-17 4

fl=(97) ./wcsmbs/../sysdeps/x86_64/multiarch/wcscat.c
fn=(366) wcscat
31 1
fi=(272)
+9 3
-1 4
fe=(97)
-8 1

fn=(316) wcschr
31 2
fi=(276) ./wcsmbs/../sysdeps/x86_64/multiarch/ifunc-avx2.h
+9 6
-2 8
fi=(98) ./wcsmbs/../sysdeps/x86_64/multiarch/wcschr.c
-7 4
fe=(97)

fl=(150)
fn=(482)
45 12
+1 12
+1 12
+1 12
+2 12
+1 12
+2 12
+1 12
+1 12
+3 12
+1 12
+1 12
+1 12
+1 12
+1 12
+2 5
+1 5
+1 5
+1 5
+1 5
+1 5
+1 5
+1 5
+8 5
+6 7
+1 7
+1 7
+1 7
+1 7
+1 7
+4 7
+4 7
+1 7
+1 7
+1 7
+1 7
+1 7
+39 7
+1 7
+2 7
+1 7
+1 7
+1 7
+1 7
+1 7

fl=(166) ./misc/./misc/sbrk.c
fn=(544) sbrk
37 208
+3 26
+3 26
-3 26
+3 26
+35 105
-20 52
+4 52
+4 23
+2 14
-2 21
+8 7
cfi=(167) ./misc/../sysdeps/unix/sysv/linux/brk.c
cfn=(546) brk
calls=7 -38 
* 63
* 4
cfi=(167)
cfn=(546)
calls=4 -38 
* 36
* 22
+4 77
-19 2
cfi=(167)
cfn=(546)
calls=1 -23 
* 9
* 2
+4 2

fl=(265)
fn=(1250)
27 2
+3 2

fl=(125) ./string/../sysdeps/x86_64/multiarch/memchr.c
fn=(386) memchr
29 1
fi=(277) ./string/../sysdeps/x86_64/multiarch/ifunc-evex.h
+9 3
-1 4
fe=(125)
-8 1

fl=(127) ./wcsmbs/../sysdeps/x86_64/multiarch/wcpcpy.c
fn=(390) wcpncpy
31 1
fi=(272)
+9 3
-1 4
fi=(128) ./wcsmbs/../sysdeps/x86_64/multiarch/wcpncpy.c
-8 1
fe=(127)

fl=(115) ./string/../sysdeps/x86_64/multiarch/memcmp.c
fn=(354) bcmp
29 2
fi=(278) ./string/../sysdeps/x86_64/multiarch/ifunc-memcmp.h
+5 10
fe=(115)
-5 4

fl=(199)
fn=(734)
27 1975
+1 5925
-1 13825
+4 7078
+2 3128
+3 1564
fi=(279) ./stdio-common/../string/bits/string_fortified.h
-7 1564
fe=(199)
+8 3128
fi=(279)
-8 1564
fe=(199)
+12 1564
fi=(279)
-12 1564
cob=(3)
cfi=(144)
cfn=(644)
calls=1564 -29 
* 25151
fe=(199)
+11 4692
-9 3128
+2 4846
cfi=(201)
cfn=(738)
calls=77 +28 
* 3388
* 154
+2 308
+9 11850

fl=(219)
fn=(872)
27 36
+1 6
+9 3
+1 3
-1 12
-4 6
+4 3
-4 3
+5 6
cfi=(197)
cfn=(726)
calls=3 +55 
* 1379
+4 15

fl=(102) ./string/../sysdeps/x86_64/multiarch/strrchr.c
fn=(326) rindex
28 2
fi=(269)
+12 6
-2 8
fe=(102)
-10 4

fl=(223)
fn=(886)
508 4
+45 2
-45 20
+53 6
+26 2
-24 4
+32 4
+1 4
cob=(3)
cfi=(144)
cfn=(700)
calls=2 0 
* 38
+1 4
-1 2
+1 2
+14 2
-4 2
-6 2
+10 4
-1 8
+1 4
+3 4
-12 2
+17 4
+13 12
+1 4
+8 6
+91 4
-43 4
-4 2
1770 22
739 6
+1 4
+12 4
-19 4
+32 10
-76 6
514 2
708 6
514 4
710 4
-1 6
+24 6
-1 2
+2 2
-2 2
+2 10
+5 8
+21 12
cfi=(224) ./stdlib/./stdlib/grouping.c
cfn=(888) __correctly_grouped_prefixmb
calls=2 54 
* 50
+5 4

fl=(224)
fn=(888)
54 24
+1 4
185 18
56 4

fl=(172) ./io/../sysdeps/unix/sysv/linux/open64.c
fn=(568) open
30 4
+3 2
-3 20
+3 8
+8 16
+2 16
-7 1
+5 1
-5 3
+1 1
-1 1
+5 1

fl=(158) ./setjmp/./setjmp/sigjmp.c
fn=(516) __sigjmp_save
28 6
+2 2
-1 1
+5 4

fl=(176)
fn=(580)
33 3
+1 6
-1 18
+10 12
+1 2
+15 3
fi=(280) ./libio/../libio/libioP.h
1025 9
+1 6
fe=(176)
59 3
+1 3
-1 3
+1 9
-1 3
cfi=(170)
cfn=(582) _IO_file_seekoff@@GLIBC_2.2.5
calls=3 901 
* 670

fl=(124) ./string/../sysdeps/x86_64/multiarch/memmove.c
fn=(382) memmove
29 1
fi=(96)
+28 3
-1 2
+4 3
+14 2
+29 2
+10 4
fe=(124)
-84 1
fi=(96)
+79 3
fe=(124)

fl=(114) ./string/../sysdeps/x86_64/multiarch/strchrnul.c
fn=(352) strchrnul
31 1
fi=(269)
+9 3
-2 4
fe=(114)
-7 2

fl=(154)
fn=(492)
67 7
-26 2
+2 8
+1 2
cfn=(494) __new_exitfn
calls=1 +36 
* 33
+2 2
+8 1
-2 1
+3 1
+1 1
-4 2
+1 1
+4 4
+1 1
+11 6

fn=(494)
80 1
+6 2
-6 4
+11 2
-10 1
+10 4
+2 4
-2 1
+10 1
-10 3
+45 1
+5 3
-4 1
+4 2
-18 1
-1 1
+12 1

fl=(170)
fn=(602) _IO_file_seek
1140 2
+1 4
cfi=(180) ./io/../sysdeps/unix/sysv/linux/lseek64.c
cfn=(604) lseek
calls=2 28 
* 12

fn=(1136) _IO_file_overflow@@GLIBC_2.2.5
732 16
+1 8
+7 8
+37 1
-2 2
-32 2
+12 2
+9 3
+5 3
+2 2
-5 1
+5 1
+1 1
-5 1
+1 1
+4 2
-7 1
+10 2
+13 2
-12 2
+1 2
+11 8
-12 2
cfn=(1138) _IO_do_write@@GLIBC_2.2.5
calls=2 424 
* 112
-4 2
-27 2
cfi=(169)
cfn=(584)
calls=1 343 
* 391
+1 1
+9 1
-9 5

fn=(1138)
424 3
+2 9
+1 1
-3 6
fi=(179)
1025 2
fe=(170)
424 16
+20 2
-10 4
+7 8
fi=(179)
1025 4
+1 4
fe=(170)
449 8
cfn=(1176) _IO_file_write@@GLIBC_2.2.5
calls=2 1174 
* 92
* 2
+1 6
+2 2
+4 4
-3 4
-1 4
+4 6
-30 4
+28 2
-28 4
+1 16
+28 6

fn=(636)
462 1
+4 3
-4 9
+7 2
+6 3
+3 2
+12 2
fi=(179)
1025 1
fe=(170)
506 2
cfi=(169)
cfn=(640)
calls=1 164 
* 26
+6 1
+5 1
-5 1
fi=(179)
1025 2
fe=(170)
512 1
fi=(179)
1025 1
fe=(170)
512 3
fi=(179)
1026 2
fe=(170)
517 4
cfn=(606) _IO_file_read
calls=1 1131 
* 13
+2 2
+16 1
-9 1
+9 2
+1 2
+1 2
+1 8

fn=(664) _IO_file_close
1165 2
+3 4
cfi=(189)
cfn=(666)
calls=2 25 
* 12

fn=(1176)
1174 16
+2 8
-1 4
+6 2
cfi=(255)
cfn=(1178)
calls=2 25 
* 16
+1 4
+5 2
+1 2
-12 4
+4 6
+1 4
+10 6
+3 12
-4 6

fn=(556) _IO_new_file_init_internal
106 12
+5 2
-1 2
+3 2
cfi=(169)
cfn=(558)
calls=2 -26 
* 178
+1 2
+1 6

fn=(588)
1147 3
+1 6
cfi=(178)
cfn=(590)
calls=3 30 
* 18

fn=(606)
1131 3
+3 3
-1 3
+1 6
cfi=(181)
cfn=(608)
calls=3 25 
* 24

fn=(660)
128 14
+2 6
+4 4
+3 2
-3 2
-1 4
+6 2
+3 2
-3 2
cfi=(169)
cfn=(662)
calls=2 937 
* 28
+3 6
fi=(179)
1025 6
+1 4
fe=(170)
142 4
cfn=(664)
calls=2 1165 
* 18
* 2
+3 6
+8 10
cfi=(169)
cfn=(592)
calls=2 329 
* 325
+1 2
+3 2
-3 6
+3 2
cfi=(169)
cfn=(656)
calls=2 53 
* 8
+5 2
-4 2
+1 2
+3 2
-2 2
+3 14
-28 7
cfn=(1138)
calls=1 424 
* 107
* 2

fn=(674)
168 10
+1 2
-1 2
+1 2
+6 4
+1 6
-1 2
cfi=(169)
cfn=(676)
calls=2 601 
* 40

fn=(1134)
1198 4361
+7 623
-7 1246
+6 2492
+9 1246
-2 2492
+17 1869
+1 1242
+5 621
+2 1242
+2 621
-4 621
+2 621
+2 621
-1 621
-1 621
cob=(3)
cfi=(144)
cfn=(1156)
calls=621 0 
* 11257
+2 621
-2 621
+4 1242
+28 5607
-68 2
+44 2
fi=(179)
1025 6
+1 4
fe=(170)
1244 6
cfn=(1136)
calls=2 732 
* 587
* 4
+6 4
+1 10
+2 6
+11 4
+1 8
cfi=(169)
cfn=(1140)
calls=2 371 
* 140
+2 6

fn=(582)
901 39
+8 8
-60 6
+66 8
+3 8
+12 4
+13 8
+23 1
fi=(179)
+59 3
+1 2
fe=(170)
-60 3
cfn=(588)
calls=1 1147 
* 9
* 6
+2 2
+1 1
+7 2
cfi=(169)
cfn=(594)
calls=1 187 
* 22
* 2
cfi=(169)
cfn=(594)
calls=1 187 
* 22
+5 2
+1 2
-1 6
+1 2
+3 3
-1 1
+2 2
fi=(179)
+39 2
fe=(170)
-27 4
+4 4
+1 2
-1 4
+2 2
-2 2
+1 2
+1 4
+5 2
fi=(179)
+16 4
+1 4
fe=(170)
-17 6
cfn=(602)
calls=2 1140 
* 18
* 2
+1 4
+2 4
+4 1
fi=(179)
+9 2
+1 2
fe=(170)
-10 8
cfn=(606)
calls=1 1131 
* 13
+3 2
+11 2
-3 1
+4 1
-1 2
-3 7
+5 2
-5 1
+4 1
-1 2
-3 7
+5 2
+23 33
915 4
+18 3
+5 2
cfi=(169)
cfn=(584)
calls=1 343 
* 302
+1 2
+1 4
-93 2
+4 1
-2 2
+2 1
+5 2
+34 2
1007 2
880 3
-14 2
+1 3

fn=(564) _IO_file_fopen@@GLIBC_2.2.5
213 24
+9 4
+2 14
+23 20
357 24
224 4
+23 6
+26 1
+8 4
cfn=(566) _IO_file_open
calls=1 -99 
* 95
* 4
cfn=(566)
calls=1 -99 
* 97
* 2
+3 4
+3 6
cfi=(173) ./string/../string/strstr.c
cfn=(570) __GI_strstr
calls=2 77 
* 124
* 2
+1 4
-74 1
+13 1
+1 2
+19 12

fn=(632)
1273 11
+7 1
-7 1
+7 1
+11 1
fi=(179)
1025 1
fe=(170)
1291 4
+2 3
+1 2
-1 6
+1 4
+8 4
+8 4
+9 6
+1 8
+18 2
+1 6
+3 1
-12 2
fi=(179)
1025 1
fe=(170)
1330 1
fi=(179)
1025 1
fe=(170)
1331 3
fi=(179)
1026 2
fe=(170)
1342 3
cfn=(606)
calls=1 1131 
* 13
+1 2
+12 1
-2 1
+1 1
+1 2
+1 2
-65 2
+70 8
fi=(186) ./libio/../string/bits/string_fortified.h
29 3
cob=(3)
cfi=(144)
cfn=(644)
calls=1 -29 
* 88
fe=(170)
1297 1
-6 2
+31 2
cfi=(169)
cfn=(634)
calls=1 269 
* 134
* 2

fn=(566)
182 4
+3 2
-3 20
+2 4
+4 2
cfi=(172)
cfn=(568)
calls=2 30 
* 74
* 2
+1 4
+3 4
+3 2
-4 2
+1 6
+3 2
-3 2
+3 2
+10 4
cfi=(169)
cfn=(558)
calls=2 87 
* 42
+1 2
+1 12

fl=(107) ./string/../sysdeps/x86_64/multiarch/strcasecmp.c
fn=(336) strcasecmp
31 1
fi=(108)
+6 2
-1 4
+17 3
+3 3
fe=(107)
-25 2

fl=(259) ./nptl/./nptl/pthread_mutex_lock.c
fn=(1194) pthread_mutex_lock@@GLIBC_2.2.5
77 1
+3 3
+2 1
+2 2
-7 4
+11 2
+91 1
+3 1
+2 1
+3 1
-63 1
+66 3
-93 2
+11 4
+4 1
+3 2
-71 1
+1 7
+1 1
+84 3
+1 2

fl=(220)
fn=(874)
169 146
+3 584
+2 292
+9 3092
+9 292

fl=(120) ./string/../sysdeps/x86_64/multiarch/strncpy.c
fn=(370) strncpy
29 1
fi=(270)
+6 5
fe=(120)
-6 1

fl=(111) ./string/../sysdeps/x86_64/multiarch/strcat.c
fn=(344) strcat
29 1
fi=(112)
+9 2
+1 1
-1 2
+16 4
fe=(111)
-25 1

fl=(123) ./string/../sysdeps/x86_64/multiarch/stpcpy.c
fn=(378) stpcpy
33 1
fi=(112)
+5 2
+1 1
-1 2
+16 4
fe=(123)
-21 1

fl=(87) ./string/../sysdeps/x86_64/multiarch/memset.c
fn=(292) memset
29 2
fi=(88) ./string/../sysdeps/x86_64/multiarch/ifunc-memset.h
+25 10
+3 6
+7 4
+9 4
+30 8
fe=(87)
-74 2

fl=(151) ./libio/./libio/vtables.c
fn=(484) check_stdfiles_vtables
545 1
+1 4
+1 3
+1 3
+2 1

fl=(157)
fn=(514)
31 1
+2 1
+9 1
+1 2
+1 1
+4 1
+1 1
+1 1
+1 1
+1 1
+2 2
+2 1
+1 1
+1 1
+2 2
+2 1
+5 1
+1 1
+17 1
cfi=(158)
cfn=(516)
calls=1 -57 
* 13

fl=(173)
fn=(570)
77 18
+5 2
-5 6
+5 4
+2 8
cob=(3)
cfi=(144)
cfn=(572)
calls=2 -84 
* 52
* 2
+1 4
+1 4
+75 24

fl=(85) ./wcsmbs/../sysdeps/x86_64/multiarch/wcsnlen.c
fn=(288) wcsnlen
30 1
fi=(86)
+11 2
-1 4
+17 4
fe=(85)
-27 1

fl=(161)
fn=(524)
85 14
-20 2
+20 4
-20 2
cob=(3)
cfi=(144)
cfn=(526)
calls=2 -65 
* 1869
+2 6
+3 2
+2 4
-2 2
+2 10
cfi=(169)
cfn=(552)
calls=2 563 
* 112
+1 2
+1 2
-1 2
+1 2
cfi=(170)
cfn=(556)
calls=2 +32 
* 204
+1 10
cfi=(170)
cfn=(564)
calls=2 213 
* 455
* 4
-38 4
+50 14

fl=(197)
fn=(726)
93 785
fi=(281) ./libio/../include/printf_buffer.h
+31 157
fe=(197)
-31 314
fi=(281)
+31 157
fe=(197)
-31 942
fi=(281)
+44 157
-13 157
+13 157
-10 157
+1 157
fe=(197)
-65 314
+3 80
+30 240
cfi=(198)
cfn=(728)
calls=80 600 
* 41494
* 231
cfi=(198)
cfn=(728)
calls=77 600 
* 44290
-21 471
+1 157
+11 314
cfi=(204)
cfn=(746)
calls=157 -62 
* 2983
+11 942

fn=(742)
35 77
+2 308
+2 385
+4 231
+7 154
+3 77
+2 77

fl=(217)
fn=(842)
59 6106
+12 6106
+1 6106
+22 6103
+1 6103
+2 5712
+1 5712
+13 5556
+1 5556
+1 5556
+1 5556
+1 5556
+1 5556
+1 5556
+1 5556
+2 5556
+1 5556
+1 4194
+1 4194
+17 391
+1 391
+2 391
+1 391
+2 176
+1 176
+2 176
+1 176
+1 144
+3 144
+5 74
+9 74
+1 74
+1 74
+2 74
+25 1609
+1 1609
+1 1609
+1 1609
+1 1609
+1 1609
+13 156
+1 156
+2 82
+1 82
+10 82
+1 82
+4 82
+1 82
+5 82
+1 82
+1 82
+1 82
+2 82
+10 3
+2 3
+1 3
+1 3
+1 3
+1 3
+1 3
+7 3
+2 3
+2 3
+1 3
+1 3
+1 3
+1 3
+4 3
+8 3

fl=(165)
fn=(542)
25 26
+1 52
-1 52
+4 26
cfi=(166)
cfn=(544)
calls=26 +8 
* 803
+1 52
+4 52

fl=(121) ./wcsmbs/../sysdeps/x86_64/multiarch/wmemcmp.c
fn=(372) wmemcmp
29 1
fi=(282) ./wcsmbs/../sysdeps/x86_64/multiarch/ifunc-memcmp.h
+5 5
fe=(121)
-5 2

fl=(180)
fn=(604)
28 2
+12 8
+2 2

fl=(167)
fn=(546)
36 12
fi=(283) ./misc/../sysdeps/unix/sysv/linux/brk_call.h
-12 24
fe=(167)
+13 24
+1 24
+6 12
+1 12

fl=(110) ./wcsmbs/../sysdeps/x86_64/multiarch/wcscpy.c
fn=(342) wcscpy
60 1
-17 2
-1 4
+12 4
+6 1

fl=(103) ./wcsmbs/../sysdeps/x86_64/multiarch/wcscmp.c
fn=(328) wcscmp
30 1
fi=(276)
+10 3
-2 4
fe=(103)
-8 2

fl=(193)
fn=(698)
40 5886
+1 981
cob=(3)
cfi=(144)
cfn=(700)
calls=981 -41 
* 19065
* 981
+1 1962
cob=(3)
cfi=(144)
cfn=(526)
calls=981 -42 
* 43816
+2 1962
fi=(194) ./string/../string/bits/string_fortified.h
-15 2943
fe=(193)
+19 3924
fi=(194)
-19 981
cob=(3)
cfi=(144)
cfn=(706)
calls=981 -29 
* 20721
fe=(193)

ob=(1)
fl=(131) ./misc/../sysdeps/unix/syscall-template.S
fn=(402) mprotect
117 20
+5 4

fn=(452) munmap
117 5
+5 1

fl=(258)
fn=(1192)
26 5
+17 1
-17 6
+20 13
+3 2
cob=(2)
cfi=(259)
cfn=(1194)
calls=1 +28 
* 44
+2 1
+3 2
+2 5
+7 3
-2 1
+2 1
cfi=(47)
cfn=(448) _dl_audit_activity_nsid
calls=1 -22 
* 11
+5 15
+5 1
-5 1
+5 3
+2 8
+2 8
+2 8
+1 4
+1 4
+4 4
-12 12
+14 6
+1 4
+6 6
cfi=(13) ./elf/./elf/dl-sort-maps.c
cfn=(230) _dl_sort_maps
calls=1 298 
* 317
+9 2
cob=(2)
cfi=(260)
cfn=(1196)
calls=1 367 
* 34
+5 6
+2 1
+2 2
-2 3
+2 6
+2 16
cfi=(261) ./elf/./elf/dl-call_fini.c
cfn=(1198) _dl_call_fini
calls=4 -90 
* 328
+3 8
cfi=(47)
cfn=(1224) _dl_audit_objclose
calls=4 -20 
* 20
-9 8
+14 4
-14 12
+18 3
cfi=(47)
cfn=(448)
calls=1 -85 
* 11
* 2
+6 4
+2 1
-2 2
+6 2
+7 8
-77 2

fl=(56) ./misc/../sysdeps/unix/sysv/linux/mmap64.c
fn=(180) mmap
47 12
+3 24
-3 72
+6 24
+5 72
+2 48
-7 29

fl=(54) ./io/../sysdeps/unix/sysv/linux/fstat64.c
fn=(176) fstat
30 3
+9 12
+33 3

fl=(66) ./elf/./elf/dl-cache.c
fn=(212) _dl_load_cache_lookup
403 10
+2 2
+3 3
+74 1
205 1
482 2
+3 3
fi=(68) ./elf/../sysdeps/x86/dl-procinfo.h
39 2
+3 3
cfi=(32) ./string/../sysdeps/x86_64/multiarch/../multiarch/strcmp-sse2.S
cfn=(94) strcmp
calls=1 +56 
* 50
* 7
cfi=(32)
cfn=(94)
calls=1 +56 
* 45
* 5
fe=(66)
208 6
cfi=(11)
cfn=(28)
calls=1 387 
* 23
* 1
+12 1
-10 1
-2 1
+12 2
-7 5
+9 5
+1 1
-32 2
+36 1
-4 1
+4 2
-5 20
+1 4
-32 8
+36 4
-4 4
+4 8
+4 15
cfn=(220) _dl_cache_libcmp
calls=5 357 
* 396
+1 10
346 4
+3 2
220 4
347 2
220 6
+2 10
+20 4
+3 4
+2 8
cfn=(220)
calls=2 357 
* 219
* 4
+2 1
-9 4
-30 3
+1 1
fi=(284) ./elf/../sysdeps/x86/dl-isa-level.h
28 2
fe=(66)
210 2
fi=(284)
28 1
fe=(66)
210 1
+1 1
-1 3
+76 3
fi=(284)
28 3
fe=(66)
259 2
+10 3
+1 4
+16 1
fi=(67) ./elf/../sysdeps/generic/dl-cache.h
125 1
fe=(66)
286 3
+9 2
+3 2
+3 1
+1 3
+28 2
500 2
+12 2
cfi=(22) ./string/../sysdeps/x86_64/multiarch/../multiarch/strlen-sse2.S
cfn=(62) strlen
calls=1 57 
* 35
+1 1
-1 1
+1 12
+1 1
-1 1
+1 1
-1 1
+1 1
cfi=(29) ./string/../sysdeps/x86_64/multiarch/memmove-vec-unaligned-erms.S
cfn=(82) memcpy
calls=1 210 
* 11
* 1
+1 1
cfi=(43) ./string/./string/strdup.c
cfn=(136) strdup
calls=1 40 
* 95
+1 8
411 4
cfi=(51) ./elf/./elf/dl-misc.c
cfn=(214) _dl_sysdep_read_whole_file
calls=1 36 
* 103
* 1
+8 5
+1 8
+3 3
+1 1
-1 3
fi=(67)
194 1
+1 5
fe=(66)
431 1
+1 2

fn=(220)
357 7
+1 7
+32 7
-33 7
+1 18
+2 40
+2 40
-2 80
+20 76
+2 76
-12 33
+2 33
+14 33
+1 33
-29 66
+32 6
-28 4
+6 2
+2 2
-2 2
+1 2
-1 2
+1 2
-1 2
+2 6
+2 2
-3 2
+3 6
+2 4
+9 15

fn=(450) _dl_unload_cache
525 1
+1 4
-1 1
+3 1
-3 1
+3 1
cfi=(131)
cfn=(452)
calls=1 117 
* 6
+7 1
-6 1
+4 1
+2 1

fl=(32)
fn=(94)
98 243
+33 243
+1 243
+2 243
+1 243
+21 243
+1 243
+1 206
+1 206
+1 178
+1 178
+1 178
+1 178
+17 178
+1 178
+1 178
+1 178
+1 178
+1 178
+1 178
+5 12
+1 36
+9 12
+1 12
+1 12
+1 12
+1 12
+1 12
+1 12
+1 12
-7 65
+1 65
+1 65
+1 65
+1 65
+1 65
+1 65
+1 65
+1 75
+1 37
+1 37
+1 37
+2 37
+1 37
+1 37
+1 37
+1 37
+1 37
-5 38
+1 38
+1 38
+1 38
+1 38
+1 38
+10 2
+1 2
+1 2
+2 2
+6 2
+1 2
+1 2
+1 2
+1 2
+5 2
+52 6
+1 6
+1 6
+1 6
+1 6
+2 6
+1 6
+1 6
+1 6
+1 6
+1 6
+1 6
+1 6
+3 6
+1 6
+1 6
+6 6
+1 6
+1 12
+4 6
+1 6
+3 6
+1 6
+1 6
+2 6
+1 6
+1 6
+4 6
+1 6
+1 6
+1 6
+1 6
+1 6
661 3
+1 3
+1 3
+1 3
+1 3
+2 3
+1 3
+1 3
+1 3
+1 3
+1 3
+1 3
+1 2
+4 2
+1 2
+1 2
+6 2
+1 2
+1 4
+4 2
+1 2
+3 2
+1 2
+1 2
+2 2
+1 2
+1 2
+4 2
+1 2
+1 2
+1 2
+1 2
+1 2
+69 2
+1 2
+1 2
+1 2
+1 2
+2 2
+1 2
+1 2
+1 2
+1 2
+1 2
+1 2
899 4
+1 4
+1 4
+1 4
+1 4
+2 4
+1 4
+1 4
+1 4
+1 4
+1 4
+1 4
+1 3
+4 3
+1 3
+1 3
+6 3
+1 3
+1 6
+4 3
+1 3
+3 3
+1 3
+1 3
+2 3
+1 3
+1 3
+4 3
+1 3
+1 3
+1 3
+1 3
+1 3
+7 1
+1 1
+2 1
+1 1
+2 1
+1 1
+1 1
+2 1
+1 1
+1 1
+4 1
+1 1
+1 1
+1 1
+1 1
+1 1
+41 3
+1 3
+1 3
+1 3
+1 3
+2 3
+1 3
+1 3
+1 3
+1 3
+1 3
+1 3
+1 2
+4 2
+1 2
+1 2
+6 2
+1 2
+1 4
+4 2
+1 2
+3 2
+1 2
+1 2
+2 2
+1 2
+1 2
+4 2
+1 2
+1 2
+1 2
+1 2
+1 2
+69 5
+1 5
+1 5
+1 5
+1 5
+2 5
+1 5
+1 5
+1 5
+1 5
+1 5
+1 5
+1 2
+4 2
+1 2
+1 2
+6 2
+1 2
+1 4
+4 2
+1 2
+3 2
+1 2
+1 2
+2 2
+1 2
+1 2
+4 2
+1 2
+1 2
+1 2
+1 2
+1 2
+69 7
+1 7
+1 7
+1 7
+1 7
+2 7
+1 7
+1 7
+1 7
+1 7
+1 7
+1 7
+1 3
+4 3
+1 3
+1 3
+6 3
+1 3
+1 6
+4 3
+1 3
+3 3
+1 3
+1 3
+2 3
+1 3
+1 3
+4 3
+1 3
+1 3
+1 3
+1 3
+1 3
+69 2
+1 2
+1 2
+1 2
+1 2
+2 2
+1 2
+1 2
+1 2
+1 2
+1 2
+1 2
+1 1
+4 1
+1 1
+1 1
+6 1
+1 1
+1 2
+4 1
+1 1
+3 1
+1 1
+1 1
+2 1
+1 1
+1 1
+4 1
+1 1
+1 1
+1 1
+1 1
+1 1
+69 8
+1 8
+1 8
+1 8
+1 8
+2 8
+1 8
+1 8
+1 8
+1 8
+1 8
+1 8
+1 3
+4 3
+1 3
+1 3
+6 3
+1 3
+1 6
+4 3
+1 3
+3 3
+1 3
+1 3
+2 3
+1 3
+1 3
+4 3
+1 3
+1 3
+1 3
+1 3
+1 3
+69 8
+1 8
+1 8
+1 8
+1 8
+2 8
+1 8
+1 8
+1 8
+1 8
+1 8
+1 8
+1 4
+4 4
+1 4
+1 4
+6 4
+1 4
+1 8
+4 4
+1 4
+3 4
+1 4
+1 4
+2 4
+1 4
+1 4
+4 4
+1 4
+1 4
+1 4
+1 4
+1 4
+7 1
+1 1
+2 1
+1 1
+2 1
+1 1
+1 1
+2 1
+1 1
+1 1
+4 1
+1 1
+1 1
+1 1
+1 1
+1 1
+41 16
+1 16
+1 16
+1 16
+1 16
+2 16
+1 16
+1 16
+1 16
+1 16
+1 16
+1 16
+1 6
+4 6
+1 6
+1 6
+6 6
+1 6
+1 12
+4 6
+1 6
+3 6
+1 6
+1 6
+2 6
+1 6
+1 6
+4 6
+1 6
+1 6
+1 6
+1 6
+1 6
+7 1
+1 1
+2 1
+1 1
+2 1
+1 1
+1 1
+2 1
+1 1
+1 1
+4 1
+1 1
+1 1
+1 1
+1 1
+1 1
+41 7
+1 7
+1 7
+1 7
+1 7
+2 7
+1 7
+1 7
+1 7
+1 7
+1 7
+1 7
+1 4
+4 4
+1 4
+1 4
+6 4
+1 4
+1 8
+4 4
+1 4
+3 4
+1 4
+1 4
+2 4
+1 4
+1 4
+4 4
+1 4
+1 4
+1 4
+1 4
+1 4
+69 4
+1 4
+1 4
+1 4
+1 4
+2 4
+1 4
+1 4
+1 4
+1 4
+1 4
+1 4
+2 3
+4 3
+1 3
+1 3
+6 3
+1 3
+2 6
+4 3
+1 3
+3 3
+1 3
+1 3
+2 3
+1 3
+1 3
+4 3
+1 3
+1 3
+1 3
+1 3
+1 3
+71 39
+2 39
+1 39
+1 39
+1 39
-3 38
+1 38
+1 38
+1 38
+1 74
+5 37
+6 37
+1 37
+8 37
+1 37
-16 206
+6 206
+1 206
+8 206
+1 206

fn=(242) strncmp
98 1
+27 1
+1 1
+1 1
+1 1
+1 1
+2 1
+1 1
+2 1
+1 1
+21 1
+1 1
+1 1
+1 1
+1 1
+1 1
+1 1
+1 1
+17 1
+1 1
+1 1
+1 1
+1 1
+1 1
+1 1
2104 1
+3 1
+1 1
+2 1
+1 1
+8 1
+1 1

fl=(7) ./elf/./elf/dl-minimal.c
fn=(420) lookup_malloc_symbol
61 8
+3 4
-3 12
+3 4
-3 12
+3 4
-3 4
+2 4
+1 16
cfi=(77) ./elf/./elf/dl-lookup.c
cfn=(268) _dl_lookup_symbol_x
calls=4 772 
* 2196
+4 28
+1 28
+2 4
fi=(135) ./elf/./dl-sym-post.h
-30 8
+12 12
fe=(7)
+19 24

fn=(416) __rtld_malloc_init_real
76 2
+10 1
fi=(134) ./elf/../sysdeps/generic/dl-hash.h
-41 1
-1 1
fe=(7)
+32 8
+11 1
-1 1
fi=(134)
-43 1
+5 3
+14 4
-17 3
+3 15
+14 20
-17 15
fe=(7)
+46 2
fi=(134)
-24 1
fe=(7)
+22 1
+2 2
fi=(134)
-19 1
fe=(7)
+19 1
cfn=(420)
calls=1 -30 
* 574
+1 3
-1 1
+1 1
cfn=(420)
calls=1 -31 
* 563
+1 3
-1 1
+1 1
cfn=(420)
calls=1 -32 
* 648
+1 3
-1 1
+1 1
cfn=(420)
calls=1 -33 
* 583
+5 1
+1 1
+1 1
+1 1
+1 8

fn=(12) __rtld_malloc_init_stubs
42 1
+1 2
+1 2
+1 2
+1 2
+1 1

fn=(132) strsep
239 2
+3 4
+2 2
+1 4
+4 3
-2 2
+4 28
+5 84
-2 56
+13 1
+4 4
-22 14
+15 14
-15 30

fl=(9) ./elf/../sysdeps/unix/sysv/linux/dl-sysdep.c
fn=(18) _dl_sysdep_parse_arguments
78 1
+2 1
-2 6
+1 1
+1 1
-1 1
+2 2
+2 1
-2 1
+2 2
-1 1
+1 2
-1 30
+1 60
+7 56
fi=(10) ./elf/../sysdeps/unix/sysv/linux/dl-parse_auxv.h
-49 1
fe=(9)
+45 1
fi=(10)
-54 1
fe=(9)
+54 1
fi=(10)
-54 1
+1 1
+1 1
+7 3
+1 40
+1 20
-2 20
+2 20
-2 61
fe=(9)
+52 3
+1 1
+1 2
fi=(10)
-49 1
+1 1
fe=(9)
+46 1
fi=(10)
-45 1
+3 1
+1 1
+1 1
+1 1
+2 1
-5 1
-4 1
+1 1
+4 1
+1 1
+3 1
-7 1
-4 1
+1 1
+8 1
fe=(9)
+40 1
-1 1
+2 1
+1 6

fn=(446) _dl_sysdep_start_cleanup
147 1
+1 1

fn=(16) _dl_sysdep_start
102 5
+4 1
-4 1
+1 1
+3 1
cfn=(18)
calls=1 -28 
* 371
+4 2
cfi=(11)
cfn=(22) __GI___tunables_init
calls=1 261 
* 18601
+3 1
cfi=(13)
cfn=(26) _dl_sort_maps_init
calls=1 289 
* 38
+2 2
cfi=(14) ./elf/../sysdeps/unix/sysv/linux/brk.c
cfn=(30) brk
calls=1 -79 
* 8
fi=(6) ./elf/../sysdeps/x86_64/dl-machine.h
220 1
cfi=(15) ./elf/../sysdeps/x86/dl-get-cpu-features.c
cfn=(34) _dl_x86_init_cpu_features
calls=1 37 
* 7302
fe=(9)
-98 3
+1 1
cfi=(22)
cfn=(62)
calls=1 -66 
* 33
* 1
+2 2
cfi=(23) ./elf/../misc/sbrk.c
cfn=(64) sbrk
calls=1 -88 
* 16
* 3
+12 3
+3 5
cfi=(2) ./elf/./elf/rtld.c
cfn=(66) dl_main
calls=1 1346 
* 125224
+3 4

fl=(52) ./io/../sysdeps/unix/sysv/linux/open64_nocancel.c
fn=(170) __open_nocancel
28 10
+3 5
-3 10
+3 30
+8 35
+2 6
-2 6
+2 4

fl=(50) ./setjmp/../sysdeps/x86_64/setjmp.S
fn=(160) __sigsetjmp
31 3
+2 3
+9 3
+1 6
+1 3
+4 3
+1 3
+1 3
+1 3
+1 3
+2 6
+2 3
+1 3
+1 3
+2 6
+2 3
+8 3
+3 3
+1 3
+7 3
+1 3

fl=(53) ./io/../sysdeps/unix/sysv/linux/read_nocancel.c
fn=(172) __read_nocancel
25 2
+1 8
+1 2

fl=(16) ./elf/../sysdeps/x86/cpu-features.c
fn=(42) update_active.constprop.0
72 8
+4 1
+10 1
+9 1
+9 1
-19 1
-1 1
+29 1
-4 1
-24 1
+9 1
+9 1
+9 1
-28 2
+25 1
-15 1
-9 1
+9 1
+9 1
+9 1
-3 1
+7 1
-13 1
+9 1
+4 2
-22 1
+22 2
-13 1
+6 1
+3 1
+5 1
+12 1
-8 1
-4 1
+7 1
-3 4
+1 1
+2 1
-2 2
+1 3
+5 1
+2 1
-2 4
+1 1
+1 1
-1 2
+1 1
-1 1
+3 2
+1 4
+14 2
356 2
+4 3
fi=(18) ./elf/../sysdeps/unix/sysv/linux/x86/dl-hwcap2.h
25 2
fi=(19) ./elf/../sysdeps/x86/get-isa-level.h
+5 1
-2 1
+2 3
fe=(16)
369 1
+1 8
151 2
+1 2
-1 5
+1 2
+2 3
+90 1
+1 1
-1 2
+17 4
+16 2
+5 1
-1 2
+4 4
+4 2
+4 3
+1 2
+3 1
-1 1
+9 1
-5 1
+2 1
-2 1
+5 1
+51 1
fi=(19)
31 1
fe=(16)
356 2
fi=(19)
32 3
+4 3
fe=(16)
158 4
+3 1
+3 2
+14 1
+2 1
+10 3
-12 1
+12 1
-12 1
+2 2
-2 1
+2 1
+8 1
-8 1
+6 3
+2 1
-2 1
+2 3
+7 5
fi=(19)
39 2
+1 4
-2 1
+7 4
+2 1
+1 2
+3 5
fe=(16)

fn=(36) init_cpu_features.constprop.0
682 1
+17 1
-17 7
+3 1
+1 1
+1 1
+3 1
+9 2
+3 6
1001 3
+1 2
+3 2
+1 2
+6 1
+1 1
+1 1
+1 1
fi=(20) ./elf/../sysdeps/x86/dl-cacheinfo.h
792 1
+1 1
+2 1
+14 2
+85 1
+1 1
+15 1
-5 1
+5 1
-10 1
-6 1
+2 1
+14 1
-15 1
+2 1
-1 1
+2 1
-1 1
+2 1
-1 1
+1 1
+2 1
+1 1
+1 1
+1 1
+35 2
+20 6
+9 2
+19 2
+8 6
cfi=(11)
cfn=(28)
calls=1 387 
* 23
* 1
+2 2
+3 4
cfi=(11)
cfn=(28)
calls=1 387 
* 23
* 1
+2 2
+3 4
cfi=(11)
cfn=(28)
calls=1 387 
* 23
* 1
+1 5
+16 2
-12 5
cfi=(11)
cfn=(28)
calls=1 387 
* 23
* 1
+1 3
+6 3
+3 1
-3 2
cfi=(11)
cfn=(28)
calls=1 387 
* 23
* 1
+3 5
-3 1
+3 5
cfi=(11)
cfn=(58) __GI___tunable_set_val
calls=1 153 
* 62
+1 10
cfi=(11)
cfn=(58)
calls=1 153 
* 62
+1 11
cfi=(11)
cfn=(58)
calls=1 153 
* 62
+3 10
cfi=(11)
cfn=(58)
calls=1 153 
* 62
+2 10
cfi=(11)
cfn=(58)
calls=1 153 
* 62
+13 1
+2 1
fe=(16)
-23 1
fi=(20)
+21 1
+3 1
fe=(16)
-24 1
fi=(20)
+26 1
-5 1
+2 1
-2 1
+3 1
fe=(16)
-24 1
fi=(20)
+25 1
+3 1
-1 1
fe=(16)
-27 1
cfi=(11)
cfn=(28)
calls=1 387 
* 22
+3 4
cfi=(11)
cfn=(28)
calls=1 387 
* 24
+6 3
+54 1
-1 1
+1 1
+45 4
cfi=(11)
cfn=(28)
calls=1 387 
* 22
+2 4
cfi=(11)
cfn=(28)
calls=1 387 
* 22
+6 4
cfi=(11)
cfn=(28)
calls=1 387 
* 24
+7 8
fi=(20)
974 12
fe=(16)
+68 1
-1 2
+1 3
+44 3
+17 2
fi=(20)
811 2
cfn=(50) handle_intel.constprop.0
calls=1 255 
* 454
+1 1
-1 1
+1 1
cfn=(50)
calls=1 255 
* 502
+1 1
-1 1
+1 1
cfn=(50)
calls=1 255 
* 529
+4 1
-4 1
+1 2
+3 1
cfn=(50)
calls=1 255 
* 475
+2 1
-2 1
+2 1
cfn=(50)
calls=1 255 
* 467
+3 1
-3 1
+1 2
+2 1
cfn=(50)
calls=1 255 
* 445
+2 1
-2 1
+2 1
cfn=(50)
calls=1 255 
* 446
+3 1
-2 1
-1 1
+3 1
cfn=(50)
calls=1 255 
* 493
+2 1
-2 1
+2 1
cfn=(50)
calls=1 255 
* 494
+1 1
+2 1
-3 1
+1 1
+2 1
cfn=(50)
calls=1 255 
* 520
+2 1
-2 1
+2 1
cfn=(50)
calls=1 255 
* 521
+2 1
-2 1
+2 1
cfn=(50)
calls=1 255 
* 522
+2 4
-2 1
+2 1
cfn=(56) get_common_cache_info.constprop.0
calls=1 571 
* 222
+93 1
-6 3
+6 1
-6 2
+6 2
-6 2
+6 2
-1 2
fe=(16)
708 6
cfn=(38) get_common_indices.constprop.0
calls=1 398 
* 74
376 3
+1 2
+1 6
+5 2
713 1
cfn=(42)
calls=1 72 
* 205
+2 1
+2 1
1015 1
715 2
878 2
+7 2
+2 2
+4 2
+6 2
+2 1
706 2
-3 1
893 3
384 6
+5 2
+1 7
717 1
fi=(20)
987 1
-48 1
fe=(16)
717 1
fi=(20)
987 2
fe=(16)
717 6
+4 7
+78 1
-25 3
fi=(20)
907 1
fe=(16)
-37 1
-89 2
+51 5

fn=(38)
398 3
+4 4
+3 3
+5 2
-5 1
+5 1
-5 1
+4 1
+1 1
+1 4
+1 4
+1 3
+1 2
+7 2
+2 5
+5 1
-5 1
+5 1
-5 1
+5 1
-5 2
+5 1
+7 1
-7 4
+7 1
+1 3
+6 1
-6 4
+6 1
fi=(17) ./elf/../sysdeps/unix/sysv/linux/x86/dl-minsigstacksize.h
24 2
+3 2
+1 2
+37 3
+7 1
+2 1
fe=(16)
457 3

fl=(64) ./io/../sysdeps/unix/sysv/linux/stat64.c
fn=(208) stat
28 4
+1 8
cfi=(65) ./io/../sysdeps/unix/sysv/linux/fstatat64.c
cfn=(210) fstatat
calls=2 146 
* 18

fl=(14)
fn=(30)
36 1
fi=(285) ./elf/../sysdeps/unix/sysv/linux/brk_call.h
-12 2
fe=(14)
+13 1
+1 2
+6 1
+1 1

fl=(57) ./misc/../sysdeps/unix/sysv/linux/setvmaname.c
fn=(182) __set_vma_name
33 2
+2 7
-2 4
+7 1
-7 2
+7 1
-7 2
+7 1
-7 1
+7 1
cfi=(11)
cfn=(28)
calls=1 387 
* 24
* 3
+7 1
+2 6

fl=(11)
fn=(58)
153 15
-81 40
+81 15
-81 10
+10 5
fi=(286) ./elf/./dl-tunable-types.h
+2 5
fe=(11)
+9 40
+1 25
fi=(12) ./elf/./elf/dl-tunables.h
+47 10
fe=(11)
-26 25
+1 5
+1 5
+1 5
+39 15
fi=(12)
-15 10
fe=(11)
-45 10
+3 5
fi=(12)
+51 5
fe=(11)
-51 5
+4 10
+7 10
+1 10
-12 25

fn=(28)
387 36
+3 72
-3 36
+3 288
+9 33
-9 66
+19 22
+7 216
+2 36
-19 14
+1 14
+9 6

fn=(22)
261 8
+22 1
-22 1
128 1
283 1
-22 1
+6 4
42 160
+6 31
-3 31
+3 2300
+4 62
+4 62
fi=(12)
160 31
fe=(11)
56 62
fi=(12)
161 20
-1 91
+1 113
-1 62
fe=(11)
281 5084
+6 9207
fi=(12)
160 310
+1 620
-1 33
+1 132
-1 165
fe=(11)
304 8

fl=(20)
fn=(52) intel_check_word.constprop.0
123 48
-4 72
+10 24
-10 96
+10 48
-10 24
+10 24
-10 24
+10 24
+2 48
+71 48
fi=(21) ./elf/../bits/stdlib-bsearch.h
32 24
fe=(20)
202 120
-71 96
+2 60
+2 120
+8 120
+51 96
+22 48
fi=(21)
28 48
-1 96
+2 192
+2 168
+1 84
fe=(20)
+78 168
+3 324
fi=(21)
-78 276
-6 552
+2 480
+1 240
fe=(20)
+78 480
+15 12
246 144
fi=(21)
37 96
fe=(20)
155 36
+3 36
-6 12
+3 39
+9 18
+23 21
-32 63
+3 63
+4 58
+2 116
+3 84
+1 48
+1 48
+1 30
+2 11
+2 22
+6 14
+3 8
+1 12
-20 15
+12 4
+2 4
+1 4
-2 4
-1 4
+2 8
-2 4
+3 4
-2 12
+2 12
+11 2
-9 12

fn=(50)
255 24
-5 12
+17 12
-17 96
+11 12
+1 12
+5 36
+4 24
+34 96
-29 12
+3 24
-3 12
+3 36
cfn=(52)
calls=12 123 
* 4080
+2 24
+3 60
cfn=(52)
calls=12 123 
* 1272
+2 24

fn=(56)
571 11
+17 1
+1 1
+9 1
-12 1
+2 1
+2 1
+8 1
-11 1
+3 1
+11 2
-5 3
+17 1
+5 3
+4 2
770 5
+1 5
+4 2
+8 1
-1 1
+1 1
+1 1
+1 7
627 5
+3 6
-32 5
+75 4
+8 5
+2 2
-2 1
+6 3
+3 1
+1 5
-4 4
+21 2
-21 4
+2 1
+2 4
-4 1
+6 4
+3 2
+5 1
+2 2
+1 1
+1 1
-2 2
+1 1
-19 4
+46 2
+3 1
+25 3
630 3
+10 6
+14 2
+4 1
+3 1
+1 1
-4 2
+3 3
+6 4
-37 12
+7 6
-7 3
+7 2
+3 20
+5 2
+4 1
+1 1
-1 2
+1 1
+61 2
+7 1
+2 2
-16 1
+22 1
-6 2
+1 1
+5 1
-30 5
+37 2

fl=(13)
fn=(232) dfs_traversal.part.0
135 72
+10 8
-2 8
+2 16
+2 20
-7 20
+7 40
+9 16
+15 24
+1 8
+1 48
-17 12

fn=(230)
298 24
+8 2
-8 2
+8 4
+4 16
-99 2
-28 2
-2 2
+1 4
+29 2
-28 8
+1 2
-1 2
+1 2
-1 4
+1 6
-1 6
+1 6
-1 12
+28 30
+8 6
-3 2
+2 2
+1 4
-3 2
+5 26
+2 8
-83 40
cfn=(232)
calls=8 -5 
* 292
+86 24
+18 8
+32 8
+7 2
+27 2
-47 6
cfi=(29)
cfn=(82)
calls=2 -53 
* 22
* 2

fn=(26)
289 2
+1 2
-1 2
+1 2
cfi=(11)
cfn=(28)
calls=1 +97 
* 24
+2 3
-1 1
+2 2

fl=(69) ./io/../sysdeps/unix/sysv/linux/pread64_nocancel.c
fn=(222) __pread64_nocancel
25 4
+1 8
+1 2

fl=(43)
fn=(136)
40 18
+1 3
cfi=(22)
cfn=(62)
calls=3 +16 
* 87
* 3
fi=(287) ./string/../include/rtld-malloc.h
+15 6
cfi=(27) ./elf/./elf/dl-minimal-malloc.c
cfn=(78) __minimal_malloc
calls=3 -20 
* 90
fe=(43)
-12 6
+3 9
+1 9
-1 3
cfi=(29)
cfn=(82)
calls=3 210 
* 41

fl=(25) ./elf/./elf/dl-environ.c
fn=(70) _dl_next_ld_env_entry
28 3
+1 3
+3 39
+13 29
-13 58
+2 62
+1 18
+5 2
-3 2
+3 2
+2 2

fl=(261)
fn=(1198)
24 32
+4 8
+6 4
-2 4
+3 8
+3 2
+1 2
-1 2
+1 4
+3 8
+1 2
cob=(4)
cfi=(147)
cfn=(1226)
calls=1 -43 
* 98
cob=(5)
cfi=(152)
cfn=(1200)
calls=1 -43 
* 98
-1 8
+5 4
+1 8
+1 4
+1 10
-1 2
cob=(3)
cfi=(144)
cfn=(1242)
calls=1 -49 
* 4
cob=(3)
cfi=(144)
cfn=(1222)
calls=1 -49 
* 4
+1 12

fl=(24) ./elf/../sysdeps/nptl/dl-tls_init_tp.c
fn=(254) __tls_init_tp
68 2
fi=(288) ./elf/../include/list.h
-24 1
fe=(24)
+24 3
fi=(288)
-25 1
fe=(24)
+26 1
+3 1
fi=(288)
-29 1
+1 1
+1 1
+2 1
fe=(24)
+28 4
+1 2
+1 1
+5 2
+5 1
+6 1
-3 1
+3 1
-6 3
+6 1
+12 4
cfi=(11)
cfn=(28)
calls=1 387 
* 24
fi=(74) ./elf/../sysdeps/unix/sysv/linux/rseq-internal.h
-73 3
+8 1
fe=(24)
+81 3
+7 2
+1 3
fi=(74)
-95 7
+3 2
fe=(24)

fn=(86) rtld_mutex_dummy
42 8
+2 16

fn=(68) __tls_pre_init_tp
53 3
+3 8
+5 1
-5 1
+5 1
+1 1
-6 1
+8 1

fl=(75) ./elf/../sysdeps/x86_64/dl-cet.c
fn=(258) _dl_cet_check
361 8
-76 1
-10 2
+2 2
-1 1
+6 1
+3 1
+8 1
-11 1
+1 1
-1 1
+1 1
-1 1
+1 1
+10 4
+3 1
+4 2
+2 2
-1 1
+2 2
+2 2
-1 2
+4 1
+2 1
+3 2
145 2
+12 2
+16 1
+6 1
363 6

fn=(458) _dl_cet_setup_features
331 1
+3 2
+16 1

fl=(23)
fn=(64)
37 4
+3 1
-3 2
+21 2
+4 2
+16 5

fl=(72) ./elf/./elf/dl-version.c
fn=(240) _dl_check_map_versions
155 40
+15 12
+2 20
+2 4
+1 4
+2 8
+3 4
-16 4
+20 2
-4 2
-24 2
+28 14
+16 4
36 2
200 2
36 14
+1 5
-1 10
+2 21
cfi=(51)
cfn=(166) _dl_name_match_p
calls=7 +30 
* 777
* 16
208 6
+5 2
fi=(289) ./elf/../sysdeps/generic/_itoa.h
76 6
fe=(72)
213 4
+4 4
+1 4
-1 4
+4 2
-3 2
+3 2
-3 6
-1 12
+1 12
-1 12
+4 6
-3 6
+3 6
-3 43
56 32
+8 24
+6 24
+16 8
+1 16
+2 8
+5 56
+14 164
+12 222
+4 74
-30 148
231 32
+3 24
+5 6
-24 6
110 8
+3 40
cfi=(32)
cfn=(94)
calls=8 -15 
* 294
* 24
224 24
+4 4
+15 6
+14 10
+3 4
+3 14
+3 8
+4 2
-7 8
+3 6
+4 44
-7 176
+3 134
+8 6
+6 6
fi=(28) ./elf/../include/rtld-malloc.h
44 3
fe=(72)
280 6
fi=(28)
44 3
cfi=(27)
cfn=(74) __minimal_calloc
calls=3 +36 
* 123
fe=(72)
281 6
-2 3
fi=(28)
44 3
fe=(72)
281 3
+13 3
-3 3
+3 12
+2 6
+3 8
+4 6
+7 8
+1 8
-1 24
+1 8
+1 8
-2 8
+2 16
+1 24
+3 24
+5 6
-15 6
+2 6
-2 6
+2 6
-2 6
+2 12
-2 2
+2 2
-2 2
+2 2
-2 2
+2 4
+16 6
+10 4
+3 4
+4 46
+6 46
+1 46
+1 46
-1 138
+1 46
-1 46
+1 46
+1 46
+3 138
+4 46
-14 96
+10 6
+12 4
+1 4
+1 4
+1 2
+19 36
164 2
-8 2
257 5
+17 3
+60 2
-40 2
+76 4
+2 4
+4 2
-4 120
+1 60
+2 1
+1 2
-1 1
+1 1
cfi=(32)
cfn=(242)
calls=1 98 
* 32
* 2

fn=(238) _dl_check_all_versions
392 7
+4 5
-2 1
+4 24
cfn=(240)
calls=4 155 
* 4247
-2 4
+2 12
-1 4
-1 8
+5 7

fl=(49) ./elf/./elf/dl-catch.c
fn=(158) _dl_catch_exception
204 18
58 3
204 6
+3 6
+22 3
-1 3
+1 3
58 6
235 9
cfi=(50)
cfn=(160)
calls=3 31 
* 72
* 9
+2 9
cfi=(63) ./elf/./elf/dl-deps.c
cfn=(204) openaux
calls=2 61 
* 5330
cfi=(2)
cfn=(162) map_doit
calls=1 641 
* 2662
69 3
+1 3
-1 3
+1 3
239 12
-25 3
+34 9
59 6
+11 9

fn=(234) _dl_receive_error
186 2
58 1
186 4
+2 1
-2 1
58 1
+1 1
+11 1
192 1
+2 1
cfi=(2)
cfn=(236) version_check_doit
calls=1 674 
* 4334
69 2
+1 1
198 1
-1 1
+1 3

fn=(156) _dl_catch_error
254 6
+2 1
-2 6
+2 1
cfn=(158)
calls=1 -52 
* 2728
+1 2
+1 1
+1 1
-1 1
+1 1
+2 6

fl=(70) ./malloc/./malloc/scratch_buffer_set_array_size.c
fn=(226) __libc_scratch_buffer_set_array_size
30 26
+4 2
+1 4
+10 4
+18 2
-17 2
+17 10

fl=(38) ./elf/../sysdeps/x86_64/dl-hwcaps-subdirs.c
fn=(110) _dl_hwcaps_subdirs_active
29 1
fi=(19)
+2 1
fe=(38)
+7 1
fi=(19)
-8 4
fe=(38)
+22 1
fi=(19)
-20 3
+4 1
fe=(38)
+2 1
fi=(19)
-2 2
+3 4
+1 4
+5 1
fe=(38)
-7 1
fi=(19)
+7 3
fe=(38)
-2 1
fi=(19)
+5 2
+3 5
fe=(38)

fl=(48) ./string/../string/strcspn.c
fn=(154) strcspn
32 6
+1 3
+1 2
+5 6
+1 4
+1 4
+1 4
+2 1
+3 3
+1 2
-1 6
+1 4
+3 4
+1 4
+1 4
+1 4
+2 3
+6 1
-1 1
+1 1
+2 2
-1 2
+2 1
+2 6
-5 12
-1 12
+1 12
+2 24
-1 24
+2 12
+2 72
+2 1
+1 3
+1 2
-1 1
+1 1

fl=(51)
fn=(214)
36 2
+3 1
-3 7
+3 1
-3 2
+3 1
cfi=(52)
cfn=(170)
calls=1 -11 
* 20
+1 2
+23 8
-21 4
cfi=(54)
cfn=(176)
calls=1 -12 
* 6
* 2
+2 2
+3 2
+13 2
cfi=(61) ./io/../sysdeps/unix/sysv/linux/close_nocancel.c
cfn=(192) __GI___close_nocancel
calls=1 -35 
* 6
* 1
-11 6
cfi=(56)
cfn=(180)
calls=1 -2 
* 26
* 2

fn=(166)
68 98
+1 28
cfi=(32)
cfn=(94)
calls=14 +29 
* 535
* 28
+3 14
+2 28
+6 15
-6 30
+1 54
cfi=(32)
cfn=(94)
calls=18 +23 
* 720
* 36
+8 3
-13 3
+13 20
-1 11
+1 33

fl=(42) ./string/../sysdeps/x86_64/multiarch/../multiarch/memset-vec-unaligned-erms.S
fn=(128) memset
132 7
+1 35
+5 7
+1 7
+3 2
+1 2
244 2
+1 2
+12 2
+3 2
+1 2
+12 2
+1 2
+13 2
+1 2
+2 2
+3 1
+3 2
+3 1
+1 1
+1 1
+1 1
+1 1
+1 1
+1 1
-6 34
+1 34
+1 34
+1 34
+1 34
+1 34
+1 34
+3 2
+1 2
+1 2
+1 2
+5 2
+34 5
+2 5
+1 5
+39 5
+1 5
+2 5

fl=(63)
fn=(204)
61 12
+7 2
-4 6
+1 2
-1 14
cfi=(30) ./elf/./elf/dl-load.c
cfn=(164) _dl_map_object
calls=2 1967 
* 5286
* 2
+5 6

fn=(200) _dl_map_object_deps
143 4
+1 2
-1 1
+1 1
-1 2
+1 1
-1 1
+1 1
-1 4
+1 3
-1 1
+1 7
-8 1
+8 2
-8 1
-6 1
-2 1
+16 1
-8 1
-7 1
+1 1
+6 1
+24 4
-28 3
-2 1
+31 1
-33 2
+2 2
+30 2
-30 1
-1 4
+7 4
+24 3
+28 3
-6 1
+46 1
fi=(71) ./elf/../include/scratch_buffer.h
77 1
fe=(63)
+87 1
fi=(71)
-87 1
+1 1
fe=(63)
184 1
+44 4
-31 1
-4 1
+4 5
-4 3
+4 6
+11 12
-18 2
+18 4
417 8
+2 2
+3 2
-3 6
+3 2
-3 2
fi=(28)
56 2
cfi=(27)
cfn=(78)
calls=2 -20 
* 60
fe=(63)
423 6
fi=(28)
56 2
fe=(63)
423 2
+6 2
+1 10
cfi=(29)
cfn=(82)
calls=2 210 
* 22
+1 10
cfi=(29)
cfn=(82)
calls=2 210 
* 22
+3 2
+1 4
+4 12
188 6
442 9
-1 4
+1 8
183 6
+27 8
+7 2
+4 2
-6 2
+1 2
+1 2
+1 4
+3 6
-2 2
-29 10
+32 112
+6 8
cfi=(30)
cfn=(202) _dl_dst_count
calls=2 +10 
* 118
* 6
+4 4
-2 2
+2 4
cfi=(49)
cfn=(158)
calls=2 -28 
* 5462
+1 4
+9 2
+2 4
+5 10
+6 2
+2 2
-8 4
+3 2
+1 2
+1 2
+1 2
+4 2
-3 2
+3 6
+4 6
+1 3
-43 230
+7 4
+38 162
fi=(71)
85 3
fe=(63)
448 5
+1 1
+3 4
+11 5
fi=(28)
56 1
cfi=(27)
cfn=(78)
calls=1 -20 
* 30
fe=(63)
465 3
fi=(28)
56 1
fe=(63)
465 1
+5 2
+1 1
-1 3
+4 3
-2 2
+13 3
+5 3
-16 9
+11 3
-7 3
+7 3
-2 6
-5 1
+7 1
-2 2
+2 1
-11 1
+11 1
+5 1
-16 3
+21 3
+37 2
+15 2
-14 2
+20 1
-1 4
+1 4
-1 5
cfi=(13)
cfn=(230)
calls=1 298 
* 277
+5 1
+2 1
+1 1
+1 2
-2 1
+2 1
+7 3
+3 2
+3 8
198 25
+3 2
fi=(71)
-70 8
cfi=(70)
cfn=(226)
calls=2 30 
* 50
fe=(63)
+70 6
+4 4
547 4
cfi=(29)
cfn=(82)
calls=1 210 
* 11
* 3
-53 2
144 2

fl=(27)
fn=(74)
80 8
+4 8
-4 32
+7 8
+1 24
fi=(28)
-32 8
cfi=(27)
cfn=(78)
calls=8 -20 
* 347
fe=(27)

fn=(140) __minimal_free
97 1
+2 4

fn=(78)
36 192
+1 72
+11 69
+3 23
-3 23
+3 46
-3 2
+3 1
-3 1
+3 90
+19 24
+1 24
+2 144
-17 8
+1 4
+2 2
+1 14
cfi=(56)
cfn=(180)
calls=2 -13 
* 52
* 2
+2 4
+2 8
cfi=(57)
cfn=(182)
calls=2 -31 
* 56
+1 6
+2 2
+4 2
-4 4
-24 1
-1 1
+1 1
+1 2
-2 2

fl=(44) ./elf/./elf/dl-debug.c
fn=(194) _dl_debug_update
38 3
+3 3
-1 6
+4 6
+4 3

fn=(142) _dl_debug_initialize
56 3
+3 2
+4 1
+22 1
+10 1
-32 2
+1 1
+21 2
+5 2
+1 1
+4 1
-4 1
-1 1
+2 1
+3 1
+4 2
+8 2
-50 1
+4 2
+35 6

fn=(148) _dl_debug_state
116 2
+1 2

fl=(30)
fn=(202)
238 4
+3 2
-3 10
+7 2
-7 4
+3 2
cfi=(41) ./string/../sysdeps/x86_64/multiarch/../multiarch/strchr-sse2.S
cfn=(118) index
calls=2 32 
* 72
+3 4
+20 18

fn=(106) _dl_init_paths
706 11
+14 1
-14 2
+14 2
cfi=(37) ./elf/./elf/dl-hwcaps.c
cfn=(108) _dl_important_hwcaps
calls=1 172 
* 1034
fi=(28)
56 1
fe=(30)
720 1
fi=(28)
56 1
cfi=(27)
cfn=(78)
calls=1 -20 
* 30
fe=(30)
725 1
+2 3
+8 2
-1 3
+5 3
fi=(28)
56 1
cfi=(27)
cfn=(78)
calls=1 -20 
* 30
fe=(30)
739 1
+2 4
+7 1
+8 1
+2 1
+12 2
-23 1
+9 1
+11 1
-4 1
-5 1
+3 2
+7 2
+2 2
-11 1
+11 3
-8 1
+4 1
+1 3
+1 16
cfi=(42)
cfn=(128)
calls=4 132 
* 56
+2 15
-14 3
+10 3
+4 9
-12 3
-2 3
+2 3
+4 3
-3 3
+3 3
+1 3
-2 3
+5 9
+1 6
+3 1
+15 1
-8 1
+5 1
-6 1
+9 2
+2 4
+2 3
+36 5
+2 2
cfi=(22)
cfn=(62)
calls=1 57 
* 17
* 9
-19 1
-2 1
+2 2
+19 9
cfi=(29)
cfn=(82)
calls=1 210 
* 11
* 1
+5 4
-1 2
+2 1
+1 2
-2 4
+1 13
+1 26
-2 52
+5 1
fi=(28)
56 1
cfi=(27)
cfn=(78)
calls=1 -20 
* 30
fe=(30)
836 1
fi=(28)
56 1
fe=(30)
838 2
+6 6
cfn=(130) fillin_rpath.isra.0
calls=1 468 
* 580
+3 3
+6 1
+4 8
-35 2
+5 2

fn=(88) _dl_process_pt_gnu_property
868 3
+8 3
-8 6
+8 3
-6 3
+12 6
-13 3
+13 3
-13 3
+13 6
+3 9
+1 6
+1 6
+3 9
+1 9
+4 3
+1 6
+22 3
+2 3
-2 6
+2 9
-20 10
+1 5
+3 10
+3 5
+1 20
fi=(31) ./elf/../sysdeps/x86/dl-prop.h
95 20
+7 10
+16 5
-3 10
254 6
+1 3
+2 12
+3 3
-8 4
+5 2
-4 2
+4 6
+3 2
-2 1
fe=(30)

fn=(134) expand_dynamic_string_token
385 18
241 4
385 2
241 2
cfi=(41)
cfn=(118)
calls=2 32 
* 72
+3 4
410 2
-11 2
+11 12
-11 2
cfi=(43)
cfn=(136)
calls=2 40 
* 180

fn=(130)
468 9
+4 1
-4 8
+6 3
cfi=(7)
cfn=(132)
calls=1 239 
* 240
* 3
cfi=(7)
cfn=(132)
calls=1 239 
* 8
* 6
+7 2
+2 3
cfn=(134)
calls=1 -98 
* 125
* 1
+4 2
+5 2
cfi=(22)
cfn=(62)
calls=1 57 
* 17
* 1
+1 2
+7 5
+9 15
+1 8
fi=(28)
50 2
cfi=(27)
cfn=(140)
calls=1 +47 
* 5
+1 1
fe=(30)
528 4
+4 4
fi=(28)
56 1
cfi=(27)
cfn=(78)
calls=1 -20 
* 30
* 1
fe=(30)
534 2
+5 1
+1 2
-1 1
-1 1
+2 1
cfi=(29)
cfn=(124) mempcpy
calls=1 197 
* 13
+3 1
-3 1
+1 1
+2 1
+6 1
+1 1
-1 3
+1 5
+1 1
-1 1
+1 1
-1 3
+1 1
-1 2
+3 2
+1 3
+1 1
+6 2
+1 1
+3 3
-60 2
-22 2
+88 1
+3 8
-24 2

fn=(174) _dl_map_object_from_fd
944 20
+15 2
-15 4
+15 2
-15 4
+15 4
+77 8
+10 4
+7 14
cfi=(26) ./elf/./elf/dl-object.c
cfn=(72) _dl_new_object
calls=2 59 
* 861
* 2
+1 4
+11 2
+5 2
-4 2
-1 2
+2 2
+2 2
-2 2
+2 4
+1 6
+1 2
+19 2
-2 1
+2 12
-2 1
+2 28
+10 2
-10 2
+10 6
+27 2
-33 2
-3 2
+2 2
-1 2
+35 2
+9 2
-50 2
+41 2
+9 2
-36 2
+63 10
-62 86
+26 56
+8 16
+1 8
-1 8
+1 32
+1 8
-1 8
+1 8
+2 8
-2 8
+2 8
+2 8
-4 8
+1 8
+3 8
-4 8
+4 40
+2 16
+13 16
+1 30
+5 6
+1 54
-28 12
-35 18
+62 2
+1 18
-28 4
-35 51
+1 127
1213 2
1100 2
1213 4
1100 6
1218 14
+10 6
+1 2
-1 2
+1 2
-1 6
+1 6
-1 6
+1 6
-1 18
1066 4
1235 4
+10 8
+7 8
fi=(58) ./elf/./dl-map-segments.h
28 2
fe=(30)
1252 6
fi=(58)
28 4
+1 16
cfi=(56)
cfn=(180)
calls=2 +18 
* 56
+73 4
-1 2
-72 2
+73 2
+3 4
+1 2
+2 2
-3 2
+1 2
+2 2
+17 2
-44 2
fi=(59) ./elf/./dl-load.h
+10 16
fi=(58)
+58 32
+6 2
+2 2
-2 2
+1 2
+2 4
-1 4
+3 4
+5 4
+3 6
+8 12
cfi=(42)
cfn=(128)
calls=2 -44 
* 287
* 2
+6 4
+12 8
-59 48
+2 24
+2 48
cfi=(56)
cfn=(180)
calls=6 -92 
* 126
* 12
fe=(30)
1264 2
fi=(55) ./elf/../sysdeps/posix/dl-fileid.h
37 4
cfi=(54)
cfn=(176)
calls=2 -7 
* 12
* 4
fe=(30)
989 4
fi=(55)
40 6
fe=(30)
989 2
fi=(55)
40 2
fe=(30)
989 23
+1 10
fi=(55)
49 12
fe=(30)
1519 18
1074 13
+1 2
-1 1
+1 1
-1 1
+1 1
cfi=(69)
cfn=(222)
calls=1 25 
* 7
* 2
+46 2
+1 1
-15 4
+7 2
+2 2
-2 2
+1 2
+1 2
-1 4
+1 16
+60 3
+5 1
-1 2
+5 1
-5 2
-66 1
+71 4
+1 1
+3 1
-3 1
+8 4
+15 4
+1 2
1008 4
1268 8
+1 6
fi=(60) ./elf/./elf/get-dynamic-info.h
39 4
+6 2
-2 2
+11 2
+1 2
-10 4
+8 3
+15 3
-23 12
+23 44
-23 176
+4 94
+3 13
-1 26
+3 40
+1 32
+1 10
+16 8
+12 7
+1 8
+1 8
+1 8
+1 7
+1 7
+1 7
+1 8
+12 2
+7 2
-7 14
+7 5
+5 2
+7 2
+1 6
+6 6
+1 3
+17 6
+5 2
+2 2
+2 2
+2 2
+4 6
+2 6
+1 4
+9 4
+6 4
+4 4
fe=(30)
1275 4
+1 4
+2 4
+10 6
+19 6
+2 12
+52 6
+1 2
+6 18
+1 42
+6 8
cfn=(88)
calls=2 868 
* 154
-7 52
+1 25
+6 25
-6 50
fi=(31)
149 8
fe=(30)
1380 4
cfi=(61)
cfn=(192)
calls=2 25 
* 12
* 4
+13 4
+2 8
+2 4
+16 4
cfi=(8) ./elf/./elf/dl-setup_hash.c
cfn=(14) _dl_setup_hash
calls=2 25 
* 54
+4 4
+1 4
+17 4
+1 1
+3 1
+5 1
-5 1
+5 1
-5 1
+5 1
-5 1
+5 1
+5 4
+12 16
+10 4
+1 4
+5 2
cfi=(45) ./elf/../elf/dl-tls.c
cfn=(224) _dl_assign_tls_modid
calls=1 125 
* 12
+7 6
cfi=(26)
cfn=(84) _dl_add_to_namespace_list
calls=2 31 
* 106
+3 4
+4 4
cfi=(44)
cfn=(194)
calls=2 38 
* 14
* 2
+1 6
+22 14
+1 6
cfi=(47)
cfn=(196) _dl_audit_objopen
calls=2 77 
* 10
* 2
fi=(59)
92 4
+2 1
-1 1
+1 1
-1 1
+1 1
-1 1
+1 1
-1 2
+3 4
fi=(60)
-37 8
+3 8
+2 8
181 3
-22 2
fe=(30)
1510 4
1074 2
fi=(58)
186 8
cfi=(56)
cfn=(180)
calls=1 47 
* 21
+3 2
fe=(30)
1462 6
+2 1
-1 5
+1 1
-1 1
+1 1
-1 1
cfi=(32)
cfn=(94)
calls=1 98 
* 25
* 2
+2 5

fn=(206) open_path
1812 8
+1 1
-1 3
+1 1
+6 2
+5 17
+67 2
-74 1
+7 3
+57 1
-65 1
+65 1
+10 2
-64 2
+8 6
+7 2
-11 1
+12 1
-1 4
cfi=(29)
cfn=(124)
calls=1 197 
* 13
+1 18
+3 4
+5 14
cfi=(29)
cfn=(124)
calls=2 197 
* 26
* 8
cfi=(29)
cfn=(124)
calls=2 197 
* 26
+3 4
+6 6
+3 14
cfn=(168) open_verify.constprop.0
calls=2 1572 
* 112
* 2
+2 6
+2 4
+93 9
-88 4
+1 14
+6 2
+2 4
-2 4
+2 2
cfi=(64)
cfn=(208)
calls=2 28 
* 30
* 2
+3 2
-3 4
+1 2
+9 8
+2 1
-2 1
+2 2
+44 8
+6 2
-2 1
+2 2
+3 3
1822 2
+2 2

fn=(164)
1967 36
+8 6
+1 12
+3 51
+5 49
+2 21
cfi=(51)
cfn=(166)
calls=7 68 
* 879
* 14
+4 12
+1 18
+4 2
-1 10
+1 2
+1 2
-1 2
+1 4
cfi=(32)
cfn=(94)
calls=2 98 
* 75
* 4
2270 29
2011 6
-1 4
+9 2
-50 2
+50 4
+17 4
-2 2
+2 2
cfi=(41)
cfn=(118)
calls=2 32 
* 48
* 4
2202 2
-1 3
cfn=(134)
calls=1 385 
* 175
+6 1
-7 1
+1 1
+2 2
+4 7
cfn=(168)
calls=1 1572 
* 106
+3 2
-3 1
+3 1
+12 4
+45 1
+1 5
-1 1
+1 8
cfn=(174)
calls=1 944 
* 1940
-1 1
+1 5
-1 1
+1 8
cfn=(174)
calls=1 944 
* 2374
* 6
2040 2
cfi=(22)
cfn=(62)
calls=1 57 
* 17
* 2
+2 2
+7 4
+51 13
cfn=(206)
calls=1 1812 
* 427
+6 1
-6 1
+6 2
2222 4
+46 2
682 1
2107 1
682 2
2135 2
cfi=(66)
cfn=(212)
calls=1 403 
* 1282
* 1
+2 2
+4 2
+31 1
-23 2
+23 7
cfn=(168)
calls=1 1572 
* 137
+4 2
-4 1
+4 1
+1 1
+17 2
2074 5
682 1
2075 1
682 3
2099 2
+1 2
-47 1
+1 1
696 5
2058 3
682 1
2059 1
682 2
2073 5
+1 2
+41 1
+14 2
+2 3
-47 2

fn=(168)
1572 40
+32 4
-32 8
+32 8
+19 16
cfi=(52)
cfn=(170)
calls=4 28 
* 86
* 4
+2 8
+8 2
+1 4
+5 2
-5 2
+5 10
cfi=(53)
cfn=(172)
calls=2 25 
* 12
+2 4
+2 4
+2 4
+6 4
+17 26
+81 4
+5 4
+6 8
+6 4
+6 2
+1 2
-1 6
+1 6
+26 36
-22 13
+1 2
-1 1
+1 1
cfi=(69)
cfn=(222)
calls=1 25 
* 7
* 2
1668 3
-59 4
1777 2

fl=(2)
fn=(152) handle_preload_list
869 11
+5 1
-5 2
+5 2
-4 3
+7 3
cfi=(48)
cfn=(154)
calls=1 32 
* 254
* 1
+1 3
+9 1
183 1
889 2
183 2
891 2
-80 1
+5 1
-6 1
-4 1
+10 2
-6 1
+4 1
+2 2
-5 1
+1 1
+4 1
cfi=(49)
cfn=(156)
calls=1 254 
* 2754
+1 3
+8 3
+67 1
-18 2
+21 9
-15 4
cfi=(29)
cfn=(82)
calls=1 210 
* 19
+1 2

fn=(236)
674 2
+2 1
-2 4
+2 3
cfi=(72)
cfn=(238)
calls=1 392 
* 4319
* 2
+4 3

fn=(66)
1346 2
197 1
1346 11
199 1
302 1
+1 1
197 1
+99 3
1357 1
cfi=(24)
cfn=(68)
calls=1 53 
* 17
2749 1
2538 1
2749 2
2598 1
+2 2
+15 1
-13 2
cfi=(25)
cfn=(70)
calls=1 28 
* 35
* 4
cfi=(25)
cfn=(70)
calls=2 28 
* 185
* 9
+4 6
-2 2
+2 6
+1 2
-1 6
+1 17
-1 89
+9 12
2727 3
1373 1
+1 2
-1 2
+1 2
2687 3
-47 2
+10 2
1637 9
cfi=(26)
cfn=(72)
calls=1 59 
* 210
* 1
+2 2
+1 3
+6 1
-5 2
+1 3
+4 1
cfi=(26)
cfn=(84)
calls=1 31 
* 42
+1 2
1116 1
-1 1
1351 1
1143 1
-21 2
+21 2
-19 1
+1 1
-3 1
+21 2
+57 1
-82 1
+25 1
-3 1
+4 1
+19 1
+37 4
-56 102
+56 4
-1 4
+1 8
-1 4
+2 8
+1 1
+2 12
+1 14
+4 8
+1 8
+1 4
+4 12
-72 27
1253 2
+1 22
+6 4
cfi=(30)
cfn=(88)
calls=1 868 
* 90
-7 26
+1 13
+6 13
-6 26
fi=(31)
235 4
+1 2
-87 4
fe=(2)
1148 1
-5 1
+5 2
-5 2
+30 1
-9 2
+2 1
-3 1
+10 2
+18 2
-38 2
-10 1
+10 1
+1 9
-11 2
+1 14
1247 1
1143 1
1247 2
1143 3
1266 4
+3 3
+2 3
1672 3
+2 2
-1 1
+1 1
+1 3
-2 2
cfi=(32)
cfn=(94)
calls=1 98 
* 25
* 2
+7 1
+3 1
-5 1
+3 1
+2 1
+1 2
+4 2
+2 2
fi=(3) ./elf/./get-dynamic-info.h
39 4
+4 1
+2 1
+9 1
+1 1
-10 2
+23 26
-23 104
+4 52
+3 6
-1 12
+3 24
+1 20
fe=(2)
1243 1
1143 1
1243 1
1143 2
fi=(3)
72 4
+43 2
+7 3
+1 4
+6 3
+18 4
+5 2
+2 2
+2 2
+2 2
+1 2
+3 4
+2 3
+1 2
+9 2
+6 2
+1 3
+3 3
fe=(2)
1698 4
+7 2
cfi=(8)
cfn=(14)
calls=1 25 
* 27
+3 2
fi=(33) ./elf/./setup-vdso.h
24 2
fi=(36) ./elf/./dl-main.h
+85 2
fi=(35) ./elf/../sysdeps/unix/sysv/linux/dl-vdso-setup.h
-64 1
fi=(36)
+64 3
cfi=(30)
cfn=(106)
calls=1 706 
* 2111
fe=(2)
1733 3
cfi=(44)
cfn=(142)
calls=1 56 
* 34
+7 1
-5 1
-2 1
+7 1
+4 1
+1 1
+2 1
-3 3
+1 2
+3 1
+11 1
-13 1
+13 1
+1 2
+5 1
-3 2
+2 1
+1 2
+5 3
+1 5
-1 2
224 1
+1 1
-1 1
+1 3
+1 2
1788 2
+5 1
-1 1
1352 1
1793 1
+24 1
cfi=(45)
cfn=(144) _dl_count_modids
calls=1 192 
* 6
* 1
fi=(46) ./elf/../sysdeps/generic/dl-debug.h
29 4
+1 1
fe=(2)
1823 1
+1 1
cfi=(44)
cfn=(148)
calls=1 116 
* 2
+1 1
+4 3
cfi=(47)
cfn=(150) _dl_audit_activity_map
calls=1 29 
* 17
+5 3
+2 1
+2 2
+9 2
+16 4
cfi=(62) ./io/../sysdeps/unix/sysv/linux/access.c
cfn=(198) access
calls=1 25 
* 9
* 2
+76 4
+16 3
85 1
1965 1
85 2
1965 1
85 1
1965 5
85 1
1965 2
cfi=(63)
cfn=(200)
calls=1 143 
* 7075
92 1
+9 1
1971 1
92 2
+9 2
1971 2
+1 6
-1 4
+1 6
-1 12
+4 3
+1 2
+1 1
+2 14
+1 6
+46 1
-42 2
+8 3
+1 2
+2 1
+2 3
+2 1
-4 1
+5 1
-1 2
+14 2
+1 2
+1 3
-25 1
+36 2
+2 1
-2 1
+2 2
-2 1
+1 2
+1 1
-1 2
+1 1
cfi=(49)
cfn=(234)
calls=1 186 
* 4356
+10 1
+1 1
-1 1
+1 1
+3 2
837 1
fi=(290) ./elf/../sysdeps/unix/sysv/linux/dl-osinfo.h
39 2
fe=(2)
839 1
fi=(290)
52 1
fe=(2)
848 1
+7 1
-5 1
2047 3
2246 2
+4 1
-4 1
+10 1
-6 1
+6 1
-6 1
+9 2
+8 2
fi=(31)
36 2
+1 3
+3 3
+13 6
-13 3
+9 6
-9 1
+9 16
+4 12
-16 12
+34 1
fe=(2)
2279 1
fi=(31)
71 1
cfi=(75)
cfn=(258)
calls=1 361 
* 55
fe=(2)
2282 1
-3 2
+5 1
-2 2
+2 2
+1 6
cfi=(76) ./elf/./elf/dl-reloc.c
cfn=(260) _dl_relocate_object
calls=1 207 
* 67508
85 2
2292 1
85 2
2292 1
+1 17
+2 8
+5 8
+2 8
+6 4
+2 8
+1 24
cfi=(76)
cfn=(260)
calls=3 207 
* 31869
+4 10
+1 2
-23 1
+23 1
cfi=(45)
cfn=(404) _dl_add_to_slotinfo
calls=1 1017 
* 28
-23 3
92 3
+1 1
2325 1
93 1
2325 1
+4 4
+2 1
+7 4
cfi=(45)
cfn=(406) _dl_allocate_tls_init
calls=1 523 
* 149
+3 2
+4 3
+2 2
+33 3
cfi=(138) ./elf/./elf/dl-call-libc-early-init.c
cfn=(430) _dl_call_libc_early_init
calls=1 27 
* 603
+7 1
cfi=(9)
cfn=(446)
calls=1 147 
* 2
+3 3
cfi=(47)
cfn=(448)
calls=1 41 
* 11
+4 2
cfi=(44)
cfn=(194)
calls=1 38 
* 7
+1 1
-1 1
+2 1
cfi=(44)
cfn=(148)
calls=1 116 
* 2
+1 1
+4 1
cfi=(66)
cfn=(450)
calls=1 525 
* 19
+5 8
2304 1
+1 1
-3 2
226 2
-2 1
+1 1
1773 1
+6 1
-6 2
+6 1
fi=(3)
56 5
+3 4
fi=(34) ./elf/../sysdeps/unix/sysv/linux/dl-vdso.h
-19 2
+1 5
fi=(35)
-11 1
+3 1
+3 1
+3 1
fi=(34)
+16 2
fi=(3)
+17 3
+12 3
+1 5
+1 5
+1 5
+1 4
+1 5
+1 5
+1 5
+12 2
+7 1
-7 7
+7 2
fe=(2)
1743 4
2357 1
cfi=(132) ./elf/./elf/dl-find_object.c
cfn=(408) _dl_find_object_init
calls=1 561 
* 581
+5 3
cfi=(7)
cfn=(416)
calls=1 76 
* 2479
+3 1
cfi=(136) ./elf/../sysdeps/nptl/dl-mutex.c
cfn=(424) __rtld_mutex_init
calls=1 30 
* 503
85 1
2371 1
+1 3
85 3
2372 2
cfi=(76)
cfn=(260)
calls=1 207 
* 1613
92 3
+9 3
2687 2
+2 1
+1 1
-1 1
+1 1
+1 1
2040 2
cfn=(244) init_tls
calls=1 734 
* 831
* 2
2650 2
+2 2
+1 1
fi=(3)
62 4
+2 4
fe=(2)
1943 10
85 1
1842 2
85 3
1842 2
cfn=(152)
calls=1 869 
* 3098
* 1
92 3
+9 3
1943 6
+1 1
-1 1
+4 3
+1 1
+1 2
+1 2
-7 2

fn=(2) _dl_start
517 16
85 1
547 4
85 1
543 1
fi=(6)
55 1
fe=(2)
+30 1
546 1
85 1
fi=(3)
-40 1
fe=(2)
546 1
fi=(3)
45 2
+23 18
-23 72
+4 36
+3 5
-1 10
+3 20
+1 16
+1 5
fi=(4) ./elf/../sysdeps/generic/ldsodefs.h
+23 1
fi=(3)
+31 1
-38 3
+12 4
+1 3
+1 4
+1 4
+1 5
+1 3
+1 4
+1 4
+12 7
+7 2
-51 4
+64 3
+6 3
+1 3
+3 2
+1 3
+5 5
+3 5
fe=(2)
563 154
fi=(4)
79 1
fe=(2)
563 1
fi=(4)
79 2
fe=(2)
563 27
fi=(6)
287 3
fi=(5) ./elf/./elf/do-rel.h
49 1
fe=(2)
563 1
fi=(5)
50 1
-1 2
+4 1
-3 1
+3 4
+3 2
-7 1
fe=(2)
563 1
fi=(5)
50 1
-1 2
+4 1
-3 1
+3 4
+3 2
+7 3
+2 3
-2 6
fi=(6)
278 3
fi=(5)
64 6
fi=(6)
278 6
+9 24
+3 6
+1 6
+26 8
+6 2
fi=(5)
61 13
fe=(2)
563 6
fi=(5)
51 1
fi=(4)
+28 2
fi=(3)
-17 4
+2 4
fe=(2)
565 1
+13 1
cfi=(7)
cfn=(12)
calls=1 42 
* 10
458 2
85 1
476 2
85 3
476 1
cfi=(8)
cfn=(14)
calls=1 25 
* 27
+2 1
+16 2
-17 1
+11 1
-10 1
+16 1
cfi=(9)
cfn=(16)
calls=1 102 
* 151630
* 1
+2 2
+89 9
fi=(3)
103 3
fe=(2)

fn=(244)
734 1
+6 1
-6 3
+2 2
+4 2
+11 1
fi=(28)
44 1
fe=(2)
746 1
+4 1
fi=(28)
44 1
cfi=(27)
cfn=(74)
calls=1 +36 
* 41
fe=(2)
761 1
-12 1
+6 1
-9 1
+11 1
+4 1
+2 3
-1 2
+3 8
+4 1
+2 1
-2 2
-5 1
-1 2
+10 3
+3 2
cfi=(45)
cfn=(246) _dl_tls_static_surplus_init
calls=1 97 
* 86
+3 1
cfi=(45)
cfn=(248) _dl_determine_tlsoffset
calls=1 216 
* 79
+7 1
cfi=(45)
cfn=(250) _dl_allocate_tls_storage
calls=1 417 
* 469
* 1
+1 2
+6 1
fi=(73) ./elf/../sysdeps/generic/dl-call_tls_init_tp.h
31 2
fe=(2)
793 1
fi=(73)
31 6
+2 1
cfi=(24)
cfn=(254)
calls=1 +35 
* 79
fe=(2)
800 1
-3 1
+3 4
-36 3
-1 7

fn=(162)
641 2
+2 1
-2 4
+2 1
+1 2
-1 2
+1 3
cfi=(30)
cfn=(164)
calls=1 1967 
* 2643
* 1
+2 3

fl=(8)
fn=(14)
25 4
+3 4
-3 4
+3 8
+3 12
+1 8
+2 4
-1 4
+3 12
+1 4
+1 8
+7 4
-5 4
-2 4
+3 8
+2 4
+2 8
+5 4

fl=(15)
fn=(428) __x86_cpu_features
71 1
-32 3
+32 2

fn=(34)
37 1
+2 3
+2 1
cfi=(16)
cfn=(36)
calls=1 682 
* 7297

fl=(132)
fn=(412) _dlfo_process_initial
474 2
+3 2
-3 6
+1 2
+3 4
+26 14
+1 6
+1 8
-1 16
+3 28
+3 24
-7 10
+27 2
-2 2
+2 6
-18 18
+3 6
-1 6
cfi=(133) ./elf/./dl-find_object.h
cfn=(410) _dl_find_object_from_map
calls=3 95 
* 189
+2 12

fn=(414) _dlfo_sort_mappings
536 1
+1 2
+3 4
+4 1
+1 1
-1 1
+1 2
-1 1
+1 1
-1 1
+1 6
+1 15
+3 2
-1 2
-3 9
+8 6
+1 4
-1 2
-13 4
+14 6
+1 4
-15 4
+17 1

fn=(408)
561 2
+3 1
-3 3
+5 2
+13 1
cfn=(412)
calls=1 474 
* 81
+1 1
-1 1
+1 1
fi=(28)
56 1
cfi=(27)
cfn=(78)
calls=1 -20 
* 30
fe=(132)
580 1
fi=(28)
56 1
fe=(132)
582 2
+3 2
+5 1
+1 1
cfn=(412)
calls=1 474 
* 282
+3 3
+10 4
-37 2
cfi=(133)
cfn=(410)
calls=1 95 
* 68
* 1
+29 2
cfn=(414)
calls=1 -60 
* 80
+3 6
+2 1

fl=(61)
fn=(192)
25 3
+1 12
+1 3

fl=(62)
fn=(198)
25 1
+2 7
+4 1

fl=(133)
fn=(410)
95 8
+1 8
+1 4
+6 20
+1 119
+1 82
+2 12
+5 4

fl=(137) ./elf/./elf/dl-lookup-direct.c
fn=(426) _dl_lookup_direct
74 30
+2 3
-2 6
+4 3
-4 3
+2 3
+2 9
+37 3
-37 9
+1 6
+2 12
+3 25
+2 6
-54 3
+54 3
-54 3
+54 3
-54 9
+1 9
+2 6
+1 6
+12 9
+3 3
+2 6
-2 3
+2 9
cfi=(32)
cfn=(94)
calls=3 +45 
* 209
* 6
+4 6
+1 3
-1 3
+1 18
+1 9
cfi=(32)
cfn=(94)
calls=3 +39 
* 198
* 6
+57 27
-23 6

fl=(47)
fn=(196)
77 2
+1 8

fn=(448)
41 3
+4 12
+1 3
+1 15

fn=(1224)
97 4
+1 16

fn=(150)
29 2
+2 1
-2 5
+1 1
+1 2
+6 6

fn=(508)
118 1
+1 4

fl=(22)
fn=(62)
57 15
+44 15
+1 15
+1 15
+1 15
+1 15
+1 15
+1 15
+2 15
+2 15
+31 14
+1 14
+1 14
+1 14
+1 14
+1 8
+2 8
+4 6
+1 6
+1 6
+1 6
+1 6
+1 6
+1 6
+1 6
+1 6
+1 6
+1 6
+1 6
+5 48
+4 1
+1 14
+1 8

fl=(37)
fn=(108)
172 6
+3 1
-3 3
+3 1
-3 5
+2 1
cfi=(38)
cfn=(110)
calls=1 29 
* 36
+1 1
fi=(40) ./elf/./dl-hwcaps.h
43 1
fe=(37)
174 1
fi=(40)
45 2
+32 1
+1 1
+1 1
fe=(37)
-27 2
cfi=(39) ./elf/./elf/dl-hwcaps_split.c
cfn=(114) _dl_hwcaps_split_masked
calls=1 -1 
* 23
* 2
fi=(40)
-9 1
+2 1
-2 1
+34 2
+1 2
+1 1
fe=(37)
-24 1
-1 1
+1 1
+1 1
+1 1
-5 2
cfi=(39)
cfn=(114)
calls=1 -1 
* 30
* 2
cfi=(39)
cfn=(114)
calls=1 -1 
* 199
* 4
+48 4
fi=(28)
-44 2
cfi=(27)
cfn=(78)
calls=1 -20 
* 30
fe=(37)
+46 2
-2 1
+2 1
+3 1
+3 1
fi=(40)
-65 1
+2 1
fe=(37)
+67 1
fi=(40)
-66 1
fe=(37)
+66 2
cfi=(39)
cfn=(120) _dl_hwcaps_split
calls=1 -87 
* 13
* 2
fi=(40)
-69 1
+2 1
-2 1
+34 2
+1 2
+1 1
fe=(37)
+48 5
+1 2
+1 1
+1 1
-1 1
-4 2
cfi=(39)
cfn=(114)
calls=1 -74 
* 30
* 2
cfi=(39)
cfn=(114)
calls=1 -74 
* 199
* 4
+8 3
+9 3
+47 1
-4 2
+4 2
-3 1
+7 1
-7 2
+7 1
fi=(28)
56 1
cfi=(27)
cfn=(78)
calls=1 -20 
* 30
* 1
fe=(37)
194 2
+8 1
fi=(40)
43 1
fe=(37)
201 1
80 1
fi=(40)
-35 1
fe=(37)
+35 1
202 1
fi=(40)
77 1
+1 1
fe=(37)
202 3
fi=(40)
79 1
fe=(37)
-2 2
cfi=(39)
cfn=(114)
calls=1 -26 
* 23
* 2
fi=(40)
-34 1
+2 1
fe=(37)
+35 2
fi=(40)
-37 1
+34 2
+1 2
+1 2
fe=(37)
+1 2
+7 1
-7 4
cfi=(29)
cfn=(124)
calls=1 197 
* 13
+4 1
+2 1
+2 1
-2 2
-9 2
cfi=(39)
cfn=(114)
calls=1 -26 
* 30
* 2
cfi=(39)
cfn=(114)
calls=1 -26 
* 199
* 4
213 2
-5 1
+1 1
-1 1
+5 1
+3 9

fl=(39)
fn=(120)
25 5
+1 3
+21 1
-20 1
+20 3

fn=(114)
51 80
-25 32
+36 5
-7 5
+7 35
-26 24
+5 27
cfi=(41)
cfn=(118)
calls=9 -9 
* 216
* 9
+1 18
+3 6
+11 12
+1 18
+1 12
-2 6
+1 9
+1 6
-28 24
+4 48
+1 12
-1 30
+24 3
+9 6
-5 3
-2 3
+2 21
-19 6
cfi=(22)
cfn=(62)
calls=3 +14 
* 51
* 6

fl=(41)
fn=(118)
32 15
+1 15
+1 15
+1 15
+1 15
+1 15
+1 15
+1 15
+1 15
+1 15
+1 15
+1 15
+1 15
+1 15
+1 15
+1 15
+1 15
+1 15
+1 13
+4 13
+1 13
+1 13
+1 13
+2 13
+4 2
+1 2
+1 2
+1 2
+1 2
+1 2
+1 2
+1 2
+1 2
+1 2
+1 2
+1 2
+1 2
+1 2
+1 2
+1 2
+1 2
+1 2
+1 2
+1 2
+1 2
+1 2
+1 2
+1 2
+52 2
+4 2
+1 2
+1 2
+1 2
+2 2

fl=(26)
fn=(72)
59 45
+3 6
+18 4
+3 2
cfi=(22)
cfn=(62)
calls=2 -26 
* 52
+4 2
-4 2
+4 2
+5 2
-9 6
fi=(28)
-39 4
cfi=(27)
cfn=(74)
calls=2 +36 
* 183
fe=(26)
+39 1
fi=(28)
-39 2
cfi=(27)
cfn=(74)
calls=1 +36 
* 47
* 3
fe=(26)
+51 6
+5 3
+4 3
-6 3
+2 3
+4 3
-5 3
+4 3
+1 3
-1 3
+1 6
cfi=(29)
cfn=(82)
calls=3 210 
* 44
* 3
+15 3
-15 3
+2 3
+13 6
+6 1
+2 7
+3 2
-3 14
+3 4
+2 3
+4 3
+3 10
+2 12
-2 8
+2 8
-2 16
+16 6
-5 3
+5 3
-6 3
+6 3
-6 3
+6 6
+2 4
+3 4
-3 4
+7 8
+4 6
+8 1
+13 1
-10 2
+10 5
-10 4
+10 6
+2 2
cfi=(22)
cfn=(62)
calls=2 57 
* 70
+21 2
-21 6
+17 2
-13 6
+50 6
cfi=(29)
cfn=(124)
calls=2 -48 
* 34
* 2
+5 4
+1 4
-1 80
+1 80
+4 4
+1 2
+3 2
+4 27
131 6
-8 2
-4 4
+34 1
+7 4
+8 8
fi=(28)
56 4
cfi=(27)
cfn=(78)
calls=2 -20 
* 60
* 2
fe=(26)
200 4
-1 4
64 2
+2 3
+1 2
+4 6
+6 2

fn=(84)
31 12
+2 3
-2 6
+2 3
-2 9
+2 3
cfi=(24)
cfn=(86)
calls=3 +9 
* 9
+2 26
+3 20
+2 2
+2 2
+4 2
+4 2
-4 4
+1 4
+1 4
+3 10
-1 2
cfi=(24)
cfn=(86)
calls=2 -8 
* 6
-4 1
+4 1
-4 2
+1 2
+1 2
+3 5
-1 1
cfi=(24)
cfn=(86)
calls=1 -8 
* 3
-5 2

fl=(138)
fn=(430)
27 1
+2 2
-2 1
+6 3
-6 3
+6 1
-6 2
+6 1
cfi=(137)
cfn=(426)
calls=1 +41 
* 225
+4 2
+2 3
+2 1
-1 1
-1 1
+2 2
-1 1
cob=(2)
cfi=(139)
cfn=(432)
calls=1 -7 
* 353

fl=(146) ./elf/./elf/dl-init.c
fn=(464) call_init.part.0
26 48
+17 4
+3 4
-3 8
+3 8
+5 6
+8 9
+1 6
cob=(3)
cfi=(144)
cfn=(466)
calls=1 -60 
* 7
+3 3
+1 6
+6 4
+2 4
-2 2
+3 13
+1 4
cob=(2)
cfi=(151)
cfn=(484)
calls=1 545 
* 12
* 8
cob=(2)
cfi=(148)
cfn=(476)
calls=1 -28 
* 74
cob=(4)
cfi=(147)
cfn=(470)
calls=1 -74 
* 12
-1 9
+3 32
-29 2

fn=(462) _dl_init
81 13
+1 1
+1 1
+3 3
+8 2
+25 1
+1 8
+1 8
-92 8
+6 12
+2 17
+83 6
cfn=(464)
calls=3 -94 
* 208
* 6
+7 8
-98 2
+60 2
-54 3
+2 7
cfn=(464)
calls=1 -11 
* 77
* 2

fl=(45)
fn=(404)
1017 8
+9 1
-9 1
+6 1
+4 1
+4 3
+34 2
+3 2
+1 3
+3 6

fn=(248)
216 9
+6 4
+3 2
+36 3
+2 1
-2 1
-2 1
-40 1
-1 1
-1 1
+46 2
+23 3
+3 1
-3 5
+2 2
+6 1
-33 2
+20 1
-20 5
+2 2
+3 1
-1 1
+5 2
-5 1
+1 1
-1 1
+3 2
+2 3
+32 2
-1 1
+53 1
-52 5
+2 2
+51 8

fn=(246)
97 2
+3 1
-3 3
+3 1
-3 1
+3 1
-3 1
+3 1
-3 1
+3 1
cfi=(11)
cfn=(28)
calls=1 387 
* 23
* 1
+1 4
cfi=(11)
cfn=(28)
calls=1 387 
* 23
+1 1
+2 1
-3 1
+1 2
+2 3
+3 1
+2 1
-26 3
+28 3
+1 6

fn=(250)
417 7
+2 1
+11 1
+1 1
fi=(28)
56 1
cfi=(27)
cfn=(78)
calls=1 -20 
* 85
fe=(45)
432 2
+8 3
fi=(28)
44 1
fe=(45)
440 2
+5 1
-5 1
+1 1
+4 304
+19 1
-99 1
+4 1
+1 1
fi=(28)
44 1
cfi=(27)
cfn=(74)
calls=1 +36 
* 41
fe=(45)
371 2
+3 1
+6 2
+90 7

fn=(144)
192 1
+2 2
+1 1
+15 2

fn=(224)
125 1
+16 1
-13 1
-3 3
+3 1
+55 1
-2 1
+5 1
+1 2

fn=(406)
523 11
+1 2
+4 1
+6 1
-6 1
+6 1
cfi=(24)
cfn=(86)
calls=1 42 
* 3
+3 3
+12 1
-18 1
+42 3
-19 12
+9 3
+1 2
+6 3
+3 1
-2 1
+2 1
-2 1
+2 4
+4 1
-4 1
+4 1
-1 2
+4 2
+1 4
+2 2
+1 2
+17 1
-8 1
+8 1
+2 4
cfi=(29)
cfn=(124)
calls=1 197 
* 13
* 6
cfi=(42)
cfn=(128)
calls=1 132 
* 25
-49 1
+55 1
-55 4
+6 5
+55 2
cfi=(24)
cfn=(86)
calls=1 42 
* 3
+3 2
+3 9

fl=(136)
fn=(424)
30 2
+10 3
-10 3
+10 1
-10 1
+10 1
-10 1
+7 1
+3 2
cfi=(137)
cfn=(426)
calls=1 +34 
* 233
+4 2
+1 8
+2 3
-2 1
+2 3
cfi=(137)
cfn=(426)
calls=1 +27 
* 223
+4 2
+1 7
+1 6

fl=(77)
fn=(268)
772 798
+3 133
-3 399
+3 133
-3 532
fi=(78) ./elf/../sysdeps/generic/dl-new-hash.h
74 133
+3 266
-8 133
+1 266
+10 133
+1 266
-1 744
+1 1488
+20 818
-2 818
+6 818
-3 1636
+2 818
-30 818
+3 1636
fe=(77)
774 133
+1 133
+3 133
-4 133
+1 133
+7 514
+5 133
-2 133
+2 133
-2 133
+6 1897
+1 1862
cfn=(272) do_lookup_x
calls=133 347 
* 48487
* 399
+28 133
-23 399
+23 133
-23 266
+24 740
+7 126
-7 126
+35 504
+34 504
-20 378
+3 252
-57 133
+76 1197
fi=(78)
87 59
+1 59
+1 118
+1 59
fe=(77)
871 2
-72 42
+18 21
+11 28

fn=(274) check_match
70 1935
+3 770
+13 127
-13 127
+13 127
-13 127
+13 381
+3 522
cfi=(32)
cfn=(94)
calls=67 +9 
* 3309
* 134
+4 127
+1 254
+2 250
+19 250
+1 1000
+2 2
+43 126
+1 1032
-18 4
+2 4
+1 2
-1 4
+1 6
-1 4
-68 2
+39 372
cfi=(32)
cfn=(94)
calls=124 -19 
* 3348
* 248
-44 8
+5 4

fn=(272)
347 1197
+1 133
-1 532
+6 133
-6 133
+65 133
-58 133
+11 133
+50 133
-3 266
+3 266
-50 133
+50 532
-19 1263
+8 421
-4 421
+1 421
+3 1684
+1 842
+3 421
-3 421
+4 842
+4 842
-2 421
+5 1684
+3 2947
+99 891
358 846
+3 846
+4 858
+21 842
+4 842
+71 1008
fi=(4)
139 252
+1 378
fe=(77)
476 252
fi=(79) ./elf/../sysdeps/generic/dl-protected.h
29 504
fe=(77)
483 952
+16 252
+1 126
+22 126
-21 126
+21 882
-99 384
-1 256
+2 256
+2 128
+6 512
-6 128
+6 896
+7 471
-10 1415
+2 129
+1 387
-1 129
+1 258
-1 129
+1 129
+1 129
-1 129
+1 129
-1 903
cfn=(274)
calls=129 70 
* 14606
+4 387
+3 6
+31 16
+52 7
-1 7
+1 49
-35 42

fl=(1) ???
fn=(0) 0x000000000001f540
0 2
cfi=(2)
cfn=(2)
calls=1 517 
0 152303
0 8
cfi=(75)
cfn=(458)
calls=1 331 
0 4
0 10
cfi=(146)
cfn=(462)
calls=1 81 
0 395
0 3
cob=(5)
cfi=(152)
cfn=(488)
calls=1 0 
0 5418515

fl=(65)
fn=(210)
146 4
-55 4
+70 5
+1 1
-2 2
+1 2

fl=(29)
fn=(82)
210 18
+1 18
+6 18
+1 18
+2 10
+1 10
+1 10
+2 7
+1 7
+1 7
+2 7
+80 8
+1 8
+2 1
+4 1
+1 1
+1 1
+1 1
+1 1
+4 1
+2 1
+39 7
+1 7
+1 7
+1 7
+1 7
+7 3
+1 3
+1 3
+1 3
+1 3
+1 3
+1 3
+11 3
+1 3
+2 3
+1 3
+1 3

fn=(124)
197 10
+1 10
+1 10
+1 10
+17 10
+1 10
+2 4
+1 4
+1 4
+2 3
+1 3
+1 3
+2 3
+80 6
+1 6
+2 1
+4 1
+1 1
+1 1
+8 1
+39 5
+1 5
+1 5
+1 5
+1 5
+7 1
+1 1
+1 1
+1 1
+1 1
+1 1
+1 1
+11 1
+1 1
+2 1
+1 1
+1 1

fl=(76)
fn=(260)
207 55
+1 10
+12 4
+4 16
-4 4
+6 12
+3 4
-1 4
+1 8
+22 20
+4 4
+7 6
fi=(6)
81 8
fi=(4)
-2 4
fe=(76)
301 8
fi=(4)
79 8
fe=(76)
301 9833
fi=(4)
79 1
fe=(76)
301 1
fi=(4)
79 2
fe=(76)
301 154
-80 8
fi=(6)
393 8
fe=(76)
190 4
+31 4
-31 4
fi=(6)
393 12
fi=(5)
49 4
fe=(76)
301 4
fi=(5)
50 4
+30 4
-31 8
+4 4
-3 4
+3 4
-3 4
+3 12
+27 8
-31 4
fe=(76)
301 4
fi=(5)
50 4
+30 4
-31 8
+4 4
-3 4
+3 4
-3 4
+3 12
+27 8
fe=(76)
301 24
fi=(5)
51 4
fi=(4)
+28 20
fi=(6)
730 8
+4 6
fe=(76)
304 20
+24 4
+3 8
+17 12
+2 40
-98 8
+3 4
+7 2
-9 2
+9 4
fi=(6)
81 4
fi=(5)
+33 24
+9 14
+1 2
fi=(6)
498 2
fi=(5)
124 2
fi=(6)
498 4
fi=(5)
124 39
fi=(6)
498 39
fi=(5)
124 39
fi=(6)
498 78
+5 82
+1 41
fi=(5)
123 41
fi=(6)
504 41
-5 41
fi=(5)
123 82
+3 24
+3 24
+2 21
fe=(76)
+59 6
fi=(5)
73 3
fe=(76)
190 3
fi=(5)
72 3
fe=(76)
190 27
fi=(5)
-57 6
+1 3
+1 3
-2 3
+2 3
+3 3
-5 3
+2 3
-2 3
+1 6
+2 3
-2 3
+2 9
+2 6
-5 378
+1 189
+1 189
-2 189
+2 189
+3 189
-5 189
+2 189
-2 189
+1 378
+2 189
-2 189
+2 567
+2 378
+9 145
fi=(6)
267 290
+7 290
+4 290
fe=(76)
170 580
fi=(4)
-30 390
fe=(76)
+31 260
+3 260
+8 246
-8 1095
+12 240
-3 120
+1 120
+2 486
-3 3
+1 3
+2 135
+1 123
-1 123
+2 246
-1 492
+3 738
cfi=(77)
cfn=(268)
calls=123 772 
* 67248
+3 123
+1 246
-4 123
+4 615
fi=(6)
+93 517
+3 127
-3 396
+3 142
-3 142
+5 302
+25 870
423 24
fi=(5)
150 24
fi=(6)
423 238
fi=(5)
150 395
-19 777
+33 12
+1 64
+1 189
+3 94
+4 47
-1 47
-3 47
+2 94
+2 47
-2 94
fe=(76)
-1 188
fi=(6)
287 47
+3 47
-3 47
+4 94
476 94
+2 47
cfi=(15)
cfn=(428)
calls=1 71 
* 6
cob=(2)
cfi=(130)
cfn=(398)
calls=1 31 
* 15
cob=(2)
cfi=(129)
cfn=(394)
calls=1 33 
* 21
cob=(2)
cfi=(127)
cfn=(390)
calls=1 31 
* 9
cob=(2)
cfi=(126)
cfn=(388)
calls=1 29 
* 7
cob=(2)
cfi=(125)
cfn=(386)
calls=1 29 
* 9
cob=(2)
cfi=(124)
cfn=(382)
calls=1 29 
* 21
cob=(2)
cfi=(123)
cfn=(378)
calls=1 33 
* 11
cob=(2)
cfi=(122)
cfn=(374)
calls=1 29 
* 21
cob=(2)
cfi=(121)
cfn=(372)
calls=1 29 
* 8
cob=(2)
cfi=(120)
cfn=(370)
calls=1 29 
* 7
cob=(2)
cfi=(119)
cfn=(368)
calls=1 29 
* 10
cob=(2)
cfi=(97)
cfn=(366)
calls=1 31 
* 9
cob=(2)
cfi=(118)
cfn=(362)
calls=1 31 
* 15
cob=(2)
cfi=(117)
cfn=(358)
calls=1 29 
* 11
cob=(2)
cfi=(116)
cfn=(356)
calls=2 31 
* 14
cob=(2)
cfi=(115)
cfn=(354)
calls=1 29 
* 8
cob=(2)
cfi=(114)
cfn=(352)
calls=1 31 
* 10
cob=(2)
cfi=(113)
cfn=(348)
calls=1 31 
* 15
cob=(2)
cfi=(111)
cfn=(344)
calls=1 29 
* 11
cob=(2)
cfi=(110)
cfn=(342)
calls=1 60 
* 12
cob=(2)
cfi=(109)
cfn=(340)
calls=1 29 
* 7
cob=(2)
cfi=(107)
cfn=(336)
calls=1 31 
* 15
cob=(2)
cfi=(106)
cfn=(334)
calls=1 67 
* 15
cob=(2)
cfi=(105)
cfn=(332)
calls=2 31 
* 18
cob=(2)
cfi=(104)
cfn=(330)
calls=1 31 
* 7
cob=(2)
cfi=(103)
cfn=(328)
calls=1 30 
* 10
cob=(2)
cfi=(102)
cfn=(326)
calls=1 28 
* 10
cob=(2)
cfi=(100)
cfn=(322)
calls=1 29 
* 18
cob=(2)
cfi=(99)
cfn=(320)
calls=1 65 
* 13
cob=(2)
cfi=(97)
cfn=(316)
calls=2 31 
* 20
cob=(2)
cfi=(95)
cfn=(312)
calls=1 29 
* 21
cob=(2)
cfi=(94)
cfn=(310)
calls=1 31 
* 9
cob=(2)
cfi=(93)
cfn=(308)
calls=1 29 
* 10
cob=(2)
cfi=(92)
cfn=(304)
calls=1 29 
* 21
cob=(2)
cfi=(90)
cfn=(300)
calls=1 29 
* 21
cob=(2)
cfi=(89)
cfn=(296)
calls=1 29 
* 12
cob=(2)
cfi=(87)
cfn=(292)
calls=1 29 
* 18
cob=(2)
cfi=(85)
cfn=(288)
calls=1 30 
* 12
cob=(2)
cfi=(84)
cfn=(286)
calls=1 79 
* 14
cob=(2)
cfi=(83)
cfn=(284)
calls=1 29 
* 7
cob=(2)
cfi=(82)
cfn=(282)
calls=2 31 
* 20
cob=(2)
cfi=(80)
cfn=(278)
calls=1 86 
* 28
fi=(5)
165 47
fi=(6)
479 47
fi=(5)
165 100
-14 153
fi=(6)
460 6
+5 4
-1 6
+1 4
-1 2
cfi=(29)
cfn=(82)
calls=2 210 
* 22
+2 10
+1 4
-67 48
+2 64
+4 16
+9 16
-9 32
+9 16
fi=(5)
150 32
fi=(6)
320 51
+3 51
-36 75
fi=(5)
141 47
+1 47
-1 141
+2 47
fi=(6)
287 235
fe=(76)
175 63
+3 7
-1 7
+19 7
-18 14
fi=(6)
295 18
+1 27
+11 18
+7 9
cob=(2)
cfi=(100)
cfn=(322)
calls=1 29 
* 18
cob=(2)
cfi=(95)
cfn=(312)
calls=1 29 
* 21
cob=(2)
cfi=(84)
cfn=(286)
calls=1 79 
* 14
cob=(2)
cfi=(115)
cfn=(354)
calls=1 29 
* 8
cob=(2)
cfi=(82)
cfn=(282)
calls=1 31 
* 10
cob=(2)
cfi=(87)
cfn=(292)
calls=1 29 
* 18
cob=(2)
cfi=(102)
cfn=(326)
calls=1 28 
* 10
cob=(2)
cfi=(99)
cfn=(320)
calls=1 65 
* 13
cob=(2)
cfi=(119)
cfn=(368)
calls=1 29 
* 10
* 36
fe=(76)
+42 20
+3 4
-3 4
+3 4
+4 8
+1 16
cfi=(131)
cfn=(402)
calls=4 117 
* 24
* 8
-63 6
fi=(5)
180 7
fe=(76)
+10 2
fi=(5)
73 1
fe=(76)
190 3
fi=(6)
436 7
fi=(5)
182 2
+1 2
-1 1
+3 1
-3 4
+3 2
-3 10
+1 10
-1 5
+3 5
-3 20
+3 10
+8 6
fi=(6)
+74 12
+7 12
+4 12
fe=(76)
170 24
fi=(4)
-30 18
fe=(76)
+31 12
+3 12
+8 12
-8 54
+12 12
-3 6
+1 6
+2 36
+4 24
-4 6
+4 18
cfi=(77)
cfn=(268)
calls=6 772 
* 2977
+3 6
+1 12
-4 6
+4 30
fi=(6)
+93 20
+3 2
-3 6
+3 2
-3 2
+5 4
+25 36
423 6
fi=(5)
196 18
-16 24
+31 7
fe=(76)
-33 7
-3 21

totals: 5571240
